u_score,v_score
55, 81
158, 211
46, 76
157, 202
42, 74
41, 66
39, 69
42, 81
44, 85
37, 79
45, 82
45, 82
38, 59
42, 78
42, 81
40, 75
45, 77
34, 73
46, 63
44, 61
34, 65
83, 92
81, 91
81, 91
429, 302
79, 89
208, 242
78, 83
83, 86
52, 56
82, 89
78, 87
44, 57
44, 40
27, 37
38, 39
38, 39
51, 80
45, 63
46, 49
37, 41
39, 39
41, 42
36, 43
37, 46
40, 40
40, 44
51, 43
44, 43
47, 44
47, 44
47, 42
52, 42
53, 43
46, 39
47, 35
300, 300
300, 300
300, 300
48, 45
48, 45
50, 48
29, 47
97, 106
98, 108
111, 105
127, 151
109, 95
93, 105
90, 100
90, 100
90, 98
96, 90
96, 109
90, 98
90, 98
95, 102
91, 91
89, 101
90, 99
88, 95
86, 94
90, 86
90, 86
93, 101
86, 88
300, 300
52, 67
26, 48
56, 37
53, 54
39, 54
38, 44
34, 45
48, 40
49, 48
49, 48
51, 50
101, 104
100, 94
114, 93
300, 300
300, 300
57, 61
57, 61
300, 300
300, 300
300, 300
300, 300
300, 300
300, 300
300, 300
300, 300
300, 300
300, 300
300, 300
300, 300
300, 300
300, 300
300, 300
300, 300
300, 300
300, 300
300, 300
300, 300
300, 300
300, 300
300, 300
300, 300
103, 114
107, 114
109, 117
300, 300
300, 300
300, 300
300, 300
300, 300
300, 300
300, 300
300, 300
104, 115
104, 108
104, 108
108, 118
109, 114
108, 113
108, 113
300, 300
102, 115
103, 118
99, 114
300, 300
110, 105
102, 101
110, 104
300, 300
300, 300
300, 300
300, 300
300, 300
300, 300
300, 300
300, 300
300, 300
300, 300
300, 300
300, 300
300, 300
300, 300
300, 300
77, 78
300, 300
76, 69
300, 300
119, 122
115, 120
300, 300
300, 300
300, 300
300, 300
300, 300
300, 300
300, 300
122, 120
122, 120
58, 59
116, 110
300, 300
300, 300
300, 300
300, 300
300, 300
115, 117
300, 300
121, 115
119, 112
300, 300
300, 300
300, 300
300, 300
300, 300
77, 65
300, 300
300, 300
300, 300
300, 300
300, 300
300, 300
300, 300
300, 300
300, 300
300, 300
300, 300
300, 300
300, 300
300, 300
300, 300
300, 300
79, 62
81, 66
81, 66
66, 63
124, 108
124, 108
123, 108
80, 65
71, 75
74, 75
74, 76
84, 104
84, 104
77, 108
80, 110
64, 57
70, 74
78, 69
82, 73
82, 73
84, 106
83, 72
75, 78
300, 300
300, 300
300, 300
300, 300
76, 80
87, 112
90, 115
300, 300
300, 300
300, 300
300, 300
300, 300
300, 300
300, 300
81, 70
75, 79
300, 300
81, 69
81, 69
300, 300
300, 300
300, 300
300, 300
300, 300
78, 71
300, 300
300, 300
69, 74
71, 76
82, 70
78, 68
77, 70
75, 64
86, 63
79, 65
76, 64
82, 62
123, 109
125, 111
127, 111
81, 63
81, 63
125, 111
81, 63
78, 62
87, 75
90, 75
75, 64
80, 69
79, 64
80, 65
80, 65
76, 74
88, 74
72, 72
69, 71
70, 69
82, 65
86, 72
80, 72
80, 72
89, 75
78, 72
75, 70
88, 76
80, 63
300, 300
79, 63
77, 63
71, 57
82, 62
84, 71
86, 72
81, 65
300, 300
300, 300
123, 109
86, 64
86, 64
78, 71
80, 62
58, 58
300, 300
300, 300
68, 58
75, 61
80, 63
79, 65
82, 63
73, 67
71, 65
70, 65
70, 65
75, 57
72, 75
71, 58
77, 61
75, 57
75, 57
75, 57
72, 74
76, 60
63, 62
73, 61
70, 60
61, 71
77, 58
70, 68
74, 57
71, 67
73, 68
65, 71
83, 62
68, 64
68, 65
300, 300
300, 300
74, 68
89, 106
89, 106
80, 59
80, 59
60, 68
78, 61
85, 105
72, 65
69, 63
83, 67
77, 63
82, 65
87, 69
76, 62
83, 66
84, 73
84, 73
76, 66
85, 73
75, 61
81, 67
79, 65
81, 66
90, 77
76, 68
80, 65
80, 65
80, 65
74, 65
82, 75
65, 67
80, 65
81, 99
79, 65
79, 65
73, 76
76, 65
72, 76
72, 76
85, 74
76, 66
300, 300
81, 67
77, 67
77, 67
67, 68
75, 74
76, 74
87, 80
84, 79
76, 65
70, 74
70, 73
70, 73
71, 63
74, 79
74, 79
73, 65
75, 65
77, 65
76, 65
84, 76
77, 65
79, 69
74, 64
75, 64
72, 63
77, 66
83, 68
71, 76
79, 65
79, 65
71, 74
76, 66
76, 66
76, 66
78, 68
68, 73
70, 75
74, 75
72, 76
68, 73
67, 67
122, 122
122, 122
75, 75
123, 111
85, 64
83, 67
84, 71
76, 64
81, 66
72, 79
70, 75
72, 79
80, 67
81, 66
75, 65
83, 65
74, 75
61, 76
71, 74
76, 64
128, 112
127, 110
71, 75
59, 78
82, 66
71, 73
71, 73
70, 73
73, 75
76, 79
73, 75
73, 75
74, 74
81, 68
75, 78
65, 77
76, 68
120, 119
124, 123
77, 68
71, 74
72, 79
76, 74
71, 73
71, 73
81, 66
69, 74
79, 67
70, 74
70, 74
81, 65
81, 65
62, 66
62, 66
82, 76
81, 66
82, 66
64, 68
74, 65
80, 67
80, 67
122, 111
130, 122
76, 65
76, 65
72, 74
73, 75
72, 75
72, 75
84, 75
85, 76
80, 66
80, 66
75, 65
81, 66
76, 80
84, 69
71, 76
71, 76
78, 68
86, 103
86, 103
71, 75
79, 70
72, 63
73, 75
75, 78
75, 78
78, 75
72, 74
84, 75
76, 73
75, 81
73, 77
71, 81
74, 79
74, 79
71, 68
75, 66
81, 112
84, 77
84, 77
71, 79
71, 61
76, 65
74, 74
300, 300
300, 300
68, 70
77, 64
77, 64
300, 300
72, 78
76, 77
73, 83
73, 83
74, 79
73, 80
71, 74
79, 66
69, 73
73, 76
75, 77
85, 69
77, 64
77, 77
79, 80
76, 75
67, 62
67, 62
64, 62
76, 72
66, 70
65, 69
73, 77
74, 77
78, 77
78, 77
71, 73
76, 65
74, 65
83, 65
74, 74
71, 74
84, 65
77, 80
76, 76
69, 74
75, 75
72, 75
69, 74
65, 78
65, 78
77, 69
72, 76
72, 76
78, 66
72, 75
70, 76
70, 76
69, 77
74, 66
70, 67
300, 300
300, 300
300, 300
300, 300
75, 66
73, 76
82, 69
85, 72
80, 72
58, 71
54, 76
54, 76
74, 76
74, 76
81, 68
77, 68
56, 66
77, 71
72, 84
72, 84
54, 73
72, 76
70, 74
80, 66
300, 300
72, 78
77, 70
76, 68
77, 67
78, 84
78, 84
78, 73
84, 71
84, 71
78, 75
72, 76
77, 69
76, 73
81, 69
81, 69
85, 73
83, 73
81, 70
78, 70
81, 72
71, 78
76, 69
76, 69
74, 79
74, 79
75, 70
72, 80
72, 80
45, 61
74, 73
79, 69
79, 69
79, 69
78, 72
72, 75
74, 78
73, 71
73, 71
80, 73
72, 70
72, 70
75, 72
74, 71
77, 76
74, 75
77, 79
72, 71
77, 72
77, 71
77, 71
74, 70
78, 70
78, 70
77, 70
78, 66
88, 67
88, 67
78, 70
78, 70
80, 73
76, 69
77, 69
82, 66
81, 72
81, 72
76, 69
76, 66
80, 67
67, 58
67, 61
79, 70
80, 69
80, 69
80, 69
66, 61
72, 77
79, 74
79, 74
71, 77
73, 70
77, 77
64, 64
64, 64
75, 81
76, 72
66, 61
76, 70
78, 71
78, 71
79, 69
79, 69
75, 66
90, 64
79, 70
79, 70
80, 69
76, 69
76, 69
75, 74
72, 69
300, 300
74, 72
74, 72
78, 69
76, 70
68, 65
72, 71
82, 61
74, 71
71, 75
58, 70
67, 63
68, 79
69, 63
79, 72
79, 72
77, 70
55, 78
70, 76
72, 83
71, 76
77, 72
77, 72
77, 72
75, 74
79, 72
77, 73
73, 70
68, 63
74, 76
57, 70
76, 81
65, 67
67, 63
77, 72
77, 76
73, 81
300, 300
74, 73
75, 80
46, 62
69, 75
76, 79
76, 71
76, 71
75, 72
76, 71
71, 82
71, 82
78, 79
79, 84
72, 90
80, 72
75, 79
79, 77
78, 76
80, 77
72, 76
68, 73
65, 63
75, 75
81, 81
58, 71
80, 76
77, 71
75, 73
62, 72
75, 82
73, 85
54, 68
75, 71
78, 73
78, 73
80, 72
79, 73
67, 63
68, 65
78, 72
67, 66
74, 81
74, 81
82, 73
82, 73
79, 72
79, 75
75, 79
78, 72
60, 71
78, 81
79, 79
79, 79
62, 71
77, 76
79, 73
79, 73
76, 77
67, 64
59, 99
93, 108
81, 112
85, 116
77, 78
77, 77
57, 106
57, 106
83, 112
86, 114
72, 81
58, 71
78, 72
77, 81
67, 73
59, 70
78, 72
78, 72
83, 116
82, 117
81, 95
77, 82
78, 72
85, 117
75, 77
75, 77
64, 66
76, 72
79, 72
77, 88
81, 91
79, 73
79, 73
73, 79
84, 115
77, 78
77, 78
85, 117
78, 72
74, 78
57, 105
82, 113
77, 79
77, 79
88, 113
90, 105
81, 72
83, 68
83, 68
62, 104
61, 83
59, 77
78, 66
78, 66
87, 109
87, 109
79, 71
88, 112
72, 78
77, 79
77, 79
79, 76
73, 64
70, 71
61, 66
61, 66
86, 95
89, 106
85, 107
62, 67
81, 67
81, 67
86, 94
88, 88
80, 73
75, 80
300, 300
300, 300
78, 72
80, 71
87, 110
87, 94
83, 109
69, 76
59, 78
69, 79
60, 77
58, 76
300, 300
72, 79
80, 71
80, 71
71, 78
94, 108
87, 111
300, 300
300, 300
300, 300
300, 300
300, 300
300, 300
78, 79
83, 70
71, 66
64, 69
73, 62
75, 63
67, 70
65, 71
73, 63
77, 66
77, 67
73, 66
77, 65
71, 64
61, 57
63, 58
60, 60
64, 55
61, 56
59, 60
59, 60
63, 61
60, 61
59, 55
59, 55
72, 66
62, 71
48, 72
70, 58
70, 58
67, 65
65, 54
65, 55
65, 56
63, 57
64, 57
60, 55
71, 81
45, 55
42, 54
41, 59
43, 57
61, 59
61, 59
67, 64
49, 61
42, 59
42, 59
62, 61
63, 70
64, 70
63, 59
63, 59
48, 63
41, 58
41, 58
300, 300
300, 300
38, 56
40, 58
41, 57
41, 57
44, 56
40, 53
43, 58
43, 62
63, 64
67, 57
70, 59
70, 59
70, 60
104, 107
300, 300
61, 62
70, 67
73, 68
72, 68
79, 63
75, 71
75, 71
68, 77
64, 75
64, 75
66, 72
66, 72
78, 62
300, 300
69, 79
67, 79
65, 76
65, 73
57, 62
68, 93
300, 300
113, 122
113, 122
111, 119
108, 116
108, 116
103, 123
101, 124
114, 113
112, 121
111, 100
111, 100
106, 120
110, 122
106, 119
300, 300
114, 103
114, 103
107, 110
107, 115
112, 116
107, 122
108, 119
106, 128
103, 122
300, 300
300, 300
49, 74
59, 64
69, 83
114, 111
121, 116
121, 116
56, 75
47, 72
57, 61
70, 70
69, 56
39, 58
60, 87
61, 84
58, 65
67, 77
73, 68
74, 76
48, 61
48, 61
57, 61
64, 80
60, 64
64, 82
57, 66
67, 78
56, 67
47, 70
47, 72
72, 71
36, 58
56, 65
51, 64
46, 74
45, 53
56, 63
76, 71
42, 67
52, 62
300, 300
45, 62
42, 67
52, 67
57, 77
300, 300
76, 119
71, 93
300, 300
300, 300
300, 300
105, 118
300, 300
300, 300
300, 300
300, 300
300, 300
300, 300
300, 300
300, 300
300, 300
300, 300
300, 300
300, 300
300, 300
300, 300
62, 61
62, 61
300, 300
300, 300
300, 300
73, 57
71, 62
69, 71
66, 72
66, 73
75, 57
76, 59
62, 63
300, 300
300, 300
61, 63
82, 99
82, 99
300, 300
50, 67
300, 300
300, 300
113, 103
117, 108
300, 300
300, 300
300, 300
300, 300
300, 300
300, 300
65, 67
112, 126
79, 116
79, 116
300, 300
78, 109
300, 300
300, 300
300, 300
300, 300
68, 95
300, 300
68, 82
300, 300
300, 300
300, 300
300, 300
300, 300
300, 300
300, 300
72, 74
77, 98
63, 61
300, 300
300, 300
300, 300
80, 67
85, 108
81, 88
300, 300
70, 95
51, 74
70, 76
300, 300
300, 300
300, 300
300, 300
83, 61
73, 74
117, 109
78, 60
81, 60
74, 60
76, 61
79, 61
300, 300
300, 300
78, 61
79, 62
68, 74
58, 64
75, 65
55, 73
300, 300
58, 63
58, 71
300, 300
300, 300
300, 300
300, 300
65, 59
59, 63
59, 63
55, 72
300, 300
66, 68
57, 72
300, 300
64, 60
300, 300
300, 300
300, 300
66, 61
64, 61
69, 65
300, 300
71, 65
62, 67
300, 300
300, 300
300, 300
58, 60
51, 60
69, 59
70, 83
80, 83
73, 58
80, 84
300, 300
62, 53
63, 56
65, 57
74, 57
300, 300
300, 300
300, 300
73, 99
300, 300
300, 300
67, 58
61, 58
62, 59
52, 60
61, 58
300, 300
300, 300
64, 58
300, 300
63, 58
63, 58
300, 300
60, 51
64, 55
64, 55
65, 55
62, 60
300, 300
300, 300
300, 300
300, 300
300, 300
300, 300
300, 300
300, 300
72, 59
300, 300
300, 300
300, 300
63, 59
62, 61
72, 57
72, 57
68, 65
69, 64
72, 75
70, 59
70, 59
300, 300
77, 92
300, 300
300, 300
300, 300
300, 300
78, 61
60, 62
59, 61
68, 56
59, 59
69, 59
66, 56
66, 56
68, 59
72, 59
66, 67
46, 61
69, 58
300, 300
300, 300
69, 59
55, 54
59, 62
300, 300
66, 56
64, 56
61, 59
59, 57
66, 55
66, 55
61, 54
61, 54
65, 52
65, 52
57, 51
73, 52
61, 35
57, 52
69, 51
69, 51
68, 52
64, 52
60, 60
58, 51
66, 54
66, 54
65, 53
65, 54
54, 58
56, 54
55, 55
52, 67
52, 59
68, 52
57, 52
69, 50
300, 300
300, 300
67, 47
68, 47
73, 51
73, 53
62, 57
71, 59
56, 52
64, 55
64, 56
64, 56
60, 59
66, 58
300, 300
300, 300
300, 300
300, 300
300, 300
300, 300
300, 300
300, 300
300, 300
300, 300
300, 300
300, 300
300, 300
300, 300
300, 300
300, 300
66, 56
300, 300
300, 300
300, 300
64, 71
51, 68
62, 65
300, 300
62, 70
62, 70
73, 70
53, 63
61, 59
300, 300
52, 61
44, 54
300, 300
300, 300
300, 300
65, 79
64, 72
64, 60
54, 57
67, 56
62, 73
61, 73
66, 69
300, 300
300, 300
300, 300
300, 300
47, 67
59, 63
65, 56
46, 49
46, 49
300, 300
300, 300
52, 67
63, 57
63, 57
62, 60
62, 60
63, 74
63, 74
64, 71
68, 74
68, 74
51, 59
67, 57
50, 67
300, 300
300, 300
68, 58
68, 58
55, 67
68, 69
55, 68
68, 79
67, 80
66, 71
66, 71
63, 83
60, 75
300, 300
64, 62
67, 67
67, 79
67, 79
300, 300
300, 300
73, 105
300, 300
300, 300
300, 300
60, 75
300, 300
52, 67
52, 67
67, 81
64, 59
62, 57
65, 63
65, 76
65, 76
300, 300
300, 300
300, 300
300, 300
300, 300
300, 300
74, 101
80, 107
77, 104
79, 100
300, 300
300, 300
300, 300
300, 300
52, 99
52, 81
76, 107
300, 300
300, 300
58, 102
58, 102
300, 300
300, 300
74, 102
59, 104
300, 300
61, 67
59, 100
300, 300
300, 300
300, 300
300, 300
62, 74
300, 300
53, 67
53, 67
300, 300
300, 300
300, 300
35, 60
35, 60
300, 300
300, 300
79, 121
81, 114
83, 108
76, 69
76, 69
56, 89
79, 90
85, 113
72, 92
75, 96
79, 116
116, 115
116, 115
86, 107
120, 114
64, 110
64, 110
113, 113
91, 114
113, 114
115, 116
300, 300
300, 300
300, 300
300, 300
300, 300
300, 300
85, 85
77, 113
66, 61
66, 61
83, 96
300, 300
300, 300
46, 49
57, 65
67, 61
53, 55
53, 55
54, 66
68, 62
75, 56
70, 57
70, 57
76, 56
78, 59
79, 61
77, 59
75, 57
70, 60
71, 67
65, 59
67, 57
67, 58
68, 59
65, 54
69, 57
68, 58
68, 62
68, 62
67, 57
70, 57
68, 58
73, 63
53, 51
53, 51
45, 46
63, 59
65, 58
66, 60
70, 58
68, 56
66, 57
75, 100
75, 100
68, 60
68, 60
69, 63
67, 61
69, 66
68, 67
45, 48
74, 69
70, 66
68, 63
36, 49
36, 49
67, 64
68, 64
65, 64
65, 64
64, 61
68, 61
59, 63
67, 61
67, 62
60, 63
58, 63
66, 60
50, 50
70, 65
67, 62
48, 47
70, 61
70, 63
52, 53
50, 51
65, 55
65, 55
75, 58
56, 60
74, 65
75, 66
56, 61
76, 64
55, 61
59, 68
300, 300
300, 300
73, 63
73, 63
300, 300
300, 300
300, 300
300, 300
69, 61
72, 64
72, 64
300, 300
300, 300
300, 300
62, 62
75, 65
300, 300
300, 300
69, 68
69, 68
62, 70
300, 300
300, 300
119, 110
124, 114
66, 63
62, 57
70, 58
74, 60
300, 300
66, 73
65, 71
76, 60
81, 63
76, 60
125, 111
300, 300
59, 53
80, 58
80, 58
70, 62
72, 55
72, 54
72, 54
81, 60
71, 54
71, 54
73, 57
75, 59
77, 58
77, 57
58, 51
76, 60
76, 60
76, 60
83, 62
81, 60
80, 61
78, 62
78, 58
70, 59
76, 62
71, 60
74, 56
65, 56
60, 58
60, 58
76, 60
71, 56
61, 60
61, 60
70, 57
71, 57
73, 61
69, 58
66, 56
65, 61
57, 56
76, 58
76, 58
300, 300
300, 300
77, 59
79, 62
75, 59
76, 59
76, 59
73, 58
72, 57
79, 60
71, 57
77, 59
81, 61
54, 55
65, 57
62, 57
62, 57
49, 59
64, 59
63, 60
78, 61
48, 55
48, 55
49, 56
63, 57
63, 57
63, 53
57, 56
77, 62
75, 61
77, 62
61, 61
73, 62
81, 64
77, 63
77, 67
112, 104
112, 104
78, 61
117, 103
115, 100
121, 102
63, 65
77, 61
67, 55
64, 61
63, 58
81, 62
81, 62
72, 58
66, 58
70, 55
75, 58
65, 58
65, 58
65, 59
50, 58
65, 58
69, 59
68, 58
55, 55
99, 100
118, 104
55, 57
55, 57
75, 66
68, 57
70, 57
70, 57
300, 300
300, 300
115, 102
300, 300
300, 300
300, 300
300, 300
300, 300
300, 300
300, 300
300, 300
300, 300
300, 300
300, 300
300, 300
300, 300
300, 300
300, 300
300, 300
300, 300
300, 300
300, 300
300, 300
300, 300
300, 300
300, 300
300, 300
300, 300
300, 300
300, 300
300, 300
300, 300
300, 300
300, 300
300, 300
300, 300
300, 300
300, 300
300, 300
300, 300
300, 300
300, 300
300, 300
300, 300
300, 300
300, 300
300, 300
300, 300
300, 300
300, 300
300, 300
300, 300
300, 300
300, 300
300, 300
300, 300
300, 300
300, 300
300, 300
300, 300
300, 300
300, 300
300, 300
300, 300
300, 300
300, 300
300, 300
300, 300
300, 300
300, 300
300, 300
300, 300
300, 300
300, 300
300, 300
300, 300
300, 300
300, 300
300, 300
300, 300
300, 300
300, 300
300, 300
300, 300
300, 300
300, 300
300, 300
300, 300
300, 300
300, 300
300, 300
300, 300
300, 300
300, 300
300, 300
300, 300
300, 300
300, 300
300, 300
300, 300
300, 300
300, 300
300, 300
300, 300
300, 300
300, 300
300, 300
300, 300
300, 300
300, 300
300, 300
300, 300
300, 300
300, 300
300, 300
300, 300
300, 300
300, 300
300, 300
300, 300
300, 300
300, 300
300, 300
300, 300
300, 300
300, 300
300, 300
300, 300
300, 300
300, 300
300, 300
300, 300
300, 300
300, 300
300, 300
300, 300
300, 300
300, 300
300, 300
300, 300
300, 300
300, 300
300, 300
300, 300
300, 300
300, 300
300, 300
300, 300
300, 300
300, 300
300, 300
300, 300
300, 300
300, 300
300, 300
300, 300
300, 300
300, 300
300, 300
300, 300
300, 300
300, 300
300, 300
300, 300
300, 300
300, 300
300, 300
300, 300
300, 300
300, 300
300, 300
300, 300
300, 300
300, 300
300, 300
300, 300
300, 300
300, 300
300, 300
300, 300
300, 300
300, 300
300, 300
300, 300
300, 300
300, 300
300, 300
300, 300
300, 300
300, 300
300, 300
300, 300
300, 300
300, 300
300, 300
300, 300
300, 300
300, 300
300, 300
300, 300
300, 300
300, 300
300, 300
300, 300
300, 300
300, 300
300, 300
300, 300
300, 300
300, 300
300, 300
300, 300
300, 300
300, 300
300, 300
300, 300
300, 300
300, 300
300, 300
300, 300
300, 300
300, 300
300, 300
300, 300
300, 300
300, 300
300, 300
300, 300
300, 300
300, 300
300, 300
300, 300
300, 300
300, 300
300, 300
300, 300
300, 300
300, 300
300, 300
300, 300
300, 300
300, 300
300, 300
300, 300
300, 300
300, 300
300, 300
300, 300
300, 300
300, 300
300, 300
300, 300
300, 300
300, 300
300, 300
300, 300
300, 300
300, 300
300, 300
300, 300
300, 300
300, 300
300, 300
300, 300
300, 300
300, 300
300, 300
300, 300
300, 300
300, 300
300, 300
300, 300
300, 300
300, 300
300, 300
300, 300
300, 300
300, 300
300, 300
300, 300
300, 300
300, 300
300, 300
300, 300
300, 300
300, 300
300, 300
300, 300
300, 300
300, 300
300, 300
300, 300
300, 300
300, 300
300, 300
300, 300
300, 300
300, 300
300, 300
300, 300
300, 300
300, 300
300, 300
300, 300
300, 300
300, 300
300, 300
300, 300
300, 300
300, 300
300, 300
300, 300
300, 300
300, 300
300, 300
300, 300
300, 300
300, 300
300, 300
300, 300
300, 300
300, 300
300, 300
300, 300
300, 300
300, 300
300, 300
300, 300
300, 300
300, 300
300, 300
300, 300
300, 300
300, 300
300, 300
300, 300
300, 300
300, 300
300, 300
300, 300
300, 300
300, 300
300, 300
300, 300
300, 300
300, 300
300, 300
300, 300
300, 300
300, 300
300, 300
300, 300
300, 300
300, 300
300, 300
300, 300
300, 300
300, 300
300, 300
300, 300
300, 300
111, 23
111, 23
106, 107
108, 108
103, 92
121, 105
74, 67
111, 100
109, 98
92, 88
114, 104
96, 79
300, 300
300, 300
97, 69
92, 56
127, 105
127, 105
139, 113
101, 66
140, 117
140, 119
140, 119
143, 119
143, 119
300, 300
300, 300
98, 41
86, 61
141, 62
113, 70
110, 73
110, 74
107, 73
114, 80
119, 76
114, 74
117, 77
107, 74
121, 84
126, 87
115, 75
116, 78
116, 78
114, 73
114, 73
112, 77
98, 67
84, 64
300, 300
122, 80
127, 67
300, 300
300, 300
300, 300
83, 65
148, 123
137, 119
146, 123
300, 300
300, 300
300, 300
300, 300
137, 114
101, 41
101, 41
95, 39
120, 81
113, 70
119, 75
119, 79
134, 109
144, 118
156, 117
120, 84
115, 80
120, 82
116, 78
116, 78
99, 38
99, 38
121, 84
118, 85
113, 79
87, 71
126, 88
119, 83
116, 80
96, 70
95, 71
97, 69
121, 80
81, 65
122, 62
73, 62
84, 65
77, 60
85, 66
75, 65
80, 72
80, 72
96, 77
95, 76
95, 77
109, 82
137, 73
131, 100
94, 77
122, 100
82, 71
140, 73
140, 73
139, 70
87, 68
114, 72
120, 83
89, 75
94, 78
89, 77
92, 80
87, 74
95, 69
90, 68
122, 77
150, 128
141, 125
130, 112
135, 112
82, 67
73, 64
54, 73
149, 124
144, 124
157, 132
157, 132
300, 300
300, 300
300, 300
126, 83
126, 83
151, 124
159, 118
159, 118
118, 78
136, 97
134, 88
152, 112
152, 112
300, 300
139, 84
130, 81
123, 87
300, 300
71, 61
74, 62
96, 72
131, 71
73, 65
134, 70
104, 90
109, 100
109, 99
161, 105
104, 93
78, 74
78, 76
71, 68
76, 70
72, 61
72, 60
104, 77
72, 69
85, 69
88, 70
74, 62
74, 62
76, 63
79, 67
79, 67
90, 67
77, 63
76, 62
88, 67
88, 67
79, 64
86, 74
110, 88
93, 84
146, 63
92, 63
150, 111
198, 115
214, 113
89, 97
174, 69
163, 67
160, 59
90, 99
132, 112
91, 90
155, 106
144, 117
157, 66
155, 69
154, 69
193, 119
210, 121
161, 120
143, 113
164, 120
164, 115
146, 113
156, 116
151, 111
149, 108
119, 66
150, 111
168, 117
170, 117
157, 133
147, 122
160, 130
161, 132
161, 132
162, 130
164, 130
151, 123
122, 70
104, 69
142, 66
112, 66
109, 64
109, 67
112, 66
139, 67
97, 68
96, 68
107, 71
92, 58
87, 64
97, 68
108, 64
99, 58
100, 58
102, 58
100, 62
104, 69
104, 69
90, 65
103, 64
103, 64
90, 58
151, 110
135, 93
139, 109
143, 113
132, 109
97, 61
130, 108
96, 63
137, 65
135, 65
98, 61
95, 61
117, 101
139, 109
134, 119
132, 115
91, 68
82, 61
143, 112
85, 54
159, 109
159, 109
147, 122
102, 57
146, 61
116, 63
103, 59
98, 63
206, 109
202, 107
194, 104
142, 100
204, 108
204, 108
204, 108
206, 108
202, 107
204, 106
182, 103
197, 104
204, 108
212, 111
207, 108
203, 105
196, 102
198, 105
197, 106
198, 101
189, 103
189, 103
203, 106
201, 107
187, 104
188, 104
190, 101
188, 102
135, 100
203, 108
204, 111
192, 105
205, 110
205, 107
185, 101
120, 116
116, 128
202, 105
202, 105
173, 97
185, 102
143, 105
151, 101
141, 96
142, 97
175, 98
190, 100
200, 105
131, 105
203, 107
143, 106
191, 100
136, 99
192, 102
202, 104
202, 104
180, 100
143, 100
133, 99
170, 104
174, 98
194, 106
149, 113
183, 106
105, 62
105, 62
205, 109
203, 110
205, 113
206, 113
139, 107
140, 94
144, 109
192, 102
135, 99
193, 104
195, 103
188, 103
186, 100
186, 97
145, 116
146, 107
189, 99
134, 95
143, 109
216, 101
186, 101
186, 101
202, 109
190, 101
205, 112
202, 106
214, 106
145, 108
146, 108
146, 108
144, 107
187, 107
101, 61
148, 108
148, 106
148, 106
147, 107
147, 101
196, 107
150, 106
191, 109
151, 109
147, 106
99, 61
99, 61
131, 104
166, 95
97, 54
90, 58
147, 109
147, 109
148, 110
147, 109
146, 108
101, 61
146, 109
134, 105
148, 114
139, 105
111, 94
123, 98
143, 107
142, 104
143, 103
141, 107
144, 105
137, 96
144, 107
142, 106
142, 106
143, 108
143, 108
131, 101
136, 106
148, 107
125, 93
139, 105
139, 105
122, 100
142, 106
124, 99
105, 88
109, 89
129, 105
123, 98
117, 90
102, 61
100, 62
98, 58
99, 60
143, 105
88, 64
73, 55
73, 55
85, 62
129, 102
82, 53
82, 53
82, 56
116, 95
125, 100
118, 96
85, 58
85, 58
131, 102
131, 102
96, 57
83, 57
125, 100
133, 103
114, 97
113, 95
126, 100
140, 101
142, 99
131, 99
128, 102
125, 101
114, 99
129, 104
129, 104
90, 60
89, 61
92, 68
107, 69
107, 69
78, 60
95, 67
95, 67
105, 68
132, 106
150, 115
142, 109
182, 100
143, 109
129, 104
140, 109
141, 105
141, 109
139, 110
126, 103
136, 105
147, 109
140, 109
124, 101
144, 109
128, 104
151, 116
158, 116
129, 105
132, 106
152, 116
148, 110
138, 112
145, 108
145, 108
148, 114
146, 110
146, 110
90, 60
167, 109
136, 107
144, 108
139, 106
139, 108
139, 108
142, 107
140, 110
138, 110
142, 107
147, 112
146, 112
139, 108
132, 102
99, 68
129, 108
129, 106
129, 106
147, 112
142, 111
144, 110
101, 65
105, 64
105, 64
129, 114
107, 65
107, 65
108, 62
108, 65
103, 67
145, 106
124, 98
140, 110
140, 109
144, 109
134, 105
137, 118
125, 115
138, 117
128, 104
126, 106
147, 108
132, 103
110, 95
113, 97
116, 101
134, 105
133, 105
120, 99
129, 104
120, 101
127, 105
130, 114
102, 67
116, 63
150, 114
130, 106
127, 102
117, 101
117, 101
127, 101
126, 107
122, 102
140, 112
140, 112
93, 63
93, 63
132, 103
109, 100
145, 98
145, 98
127, 105
129, 100
127, 105
127, 102
126, 105
138, 117
127, 106
125, 111
125, 111
126, 111
115, 102
112, 96
125, 105
126, 109
111, 95
127, 108
115, 100
117, 107
127, 110
125, 108
117, 102
122, 99
123, 108
127, 107
118, 99
127, 102
125, 102
133, 115
116, 102
116, 102
116, 102
119, 104
119, 104
85, 65
78, 63
118, 103
75, 60
75, 60
126, 104
126, 104
129, 105
124, 105
116, 102
116, 102
127, 105
120, 115
126, 106
121, 118
85, 63
109, 68
109, 68
86, 63
128, 106
77, 62
86, 65
127, 102
118, 99
120, 104
117, 115
135, 108
109, 110
125, 114
146, 107
141, 110
123, 111
123, 111
141, 114
128, 105
105, 97
121, 113
112, 100
112, 100
130, 101
145, 109
109, 99
132, 109
108, 99
112, 102
118, 108
116, 102
103, 97
107, 97
110, 97
106, 97
129, 117
134, 116
108, 99
124, 103
123, 103
124, 103
110, 98
103, 97
130, 117
132, 117
103, 93
100, 90
139, 105
116, 95
125, 101
113, 109
129, 113
106, 94
106, 91
108, 94
107, 98
101, 90
106, 98
100, 94
105, 96
105, 96
100, 89
102, 92
100, 89
100, 92
100, 92
103, 93
103, 92
103, 92
124, 99
101, 89
97, 88
120, 97
80, 56
80, 56
119, 97
122, 99
149, 90
121, 102
126, 104
127, 104
119, 97
113, 99
122, 104
118, 100
120, 101
117, 94
121, 97
112, 93
71, 51
71, 51
93, 58
73, 54
73, 54
89, 56
89, 56
126, 89
114, 107
99, 103
179, 85
110, 85
121, 109
115, 107
96, 99
103, 85
121, 91
120, 105
113, 103
130, 88
101, 73
205, 101
167, 57
75, 64
150, 54
79, 86
106, 118
67, 80
76, 84
78, 87
191, 94
191, 94
189, 94
132, 105
117, 105
173, 94
107, 95
103, 118
189, 95
105, 101
132, 89
127, 89
102, 101
104, 108
192, 93
121, 90
96, 122
127, 88
176, 86
168, 90
116, 103
108, 100
70, 86
75, 68
111, 105
109, 106
111, 97
74, 62
106, 103
113, 103
93, 78
93, 79
88, 56
129, 128
198, 96
137, 107
137, 107
189, 89
137, 107
195, 97
122, 105
127, 95
134, 92
197, 98
204, 104
197, 102
133, 106
135, 106
203, 103
180, 91
132, 104
125, 97
192, 93
136, 106
187, 92
186, 94
192, 93
186, 87
194, 95
195, 97
185, 93
127, 103
187, 95
187, 95
195, 98
195, 98
140, 107
193, 96
132, 102
192, 95
218, 62
191, 98
197, 101
200, 103
197, 100
195, 100
189, 96
189, 97
197, 98
197, 98
188, 98
137, 105
193, 99
138, 107
196, 98
212, 101
106, 122
112, 87
131, 96
138, 103
131, 102
138, 103
138, 93
133, 101
197, 100
209, 106
209, 106
129, 97
138, 102
151, 114
132, 105
187, 97
208, 103
102, 70
136, 55
102, 67
91, 93
103, 70
150, 105
144, 109
138, 99
134, 107
135, 108
149, 58
93, 67
190, 100
131, 106
141, 105
202, 106
127, 105
128, 105
204, 107
142, 103
133, 109
126, 107
146, 104
137, 103
130, 107
123, 106
135, 104
144, 105
137, 102
134, 102
137, 103
137, 103
138, 105
137, 102
125, 107
125, 107
126, 105
126, 108
141, 109
127, 107
127, 107
142, 111
126, 105
119, 125
96, 92
158, 56
204, 100
126, 105
120, 105
88, 64
140, 108
126, 104
144, 103
121, 105
193, 99
130, 108
144, 102
145, 102
144, 102
137, 103
129, 102
129, 102
134, 102
134, 103
145, 103
145, 103
147, 104
146, 103
146, 103
150, 105
150, 105
146, 104
126, 105
124, 105
124, 105
125, 103
117, 101
104, 100
119, 102
180, 90
116, 97
137, 106
184, 92
148, 102
148, 102
114, 101
114, 101
126, 105
148, 102
140, 102
140, 102
133, 99
126, 107
134, 97
134, 97
146, 101
122, 108
120, 107
126, 109
113, 101
127, 106
205, 103
126, 106
115, 102
115, 102
135, 97
127, 107
136, 107
141, 103
141, 103
123, 106
128, 106
127, 100
127, 100
139, 101
141, 102
141, 102
132, 100
131, 100
140, 111
146, 101
137, 100
145, 102
144, 100
144, 103
142, 102
133, 98
139, 101
131, 108
132, 98
149, 104
144, 110
139, 98
103, 71
134, 100
132, 96
132, 99
139, 101
140, 102
119, 104
141, 101
141, 101
131, 99
95, 68
95, 68
141, 101
142, 102
141, 103
204, 102
128, 107
128, 107
151, 104
141, 102
139, 102
130, 99
140, 103
140, 103
147, 102
127, 108
126, 107
124, 101
124, 107
126, 109
141, 107
143, 104
138, 102
138, 102
135, 110
140, 102
142, 104
145, 104
127, 108
149, 104
143, 104
143, 104
142, 104
144, 105
127, 108
127, 108
146, 103
136, 100
145, 105
145, 102
145, 101
146, 103
142, 103
142, 103
135, 106
184, 94
123, 103
141, 102
141, 102
173, 93
152, 104
152, 104
142, 100
142, 100
144, 102
209, 103
203, 102
140, 108
103, 63
99, 67
195, 98
138, 106
144, 109
144, 110
154, 104
138, 95
132, 106
150, 103
96, 65
189, 95
139, 102
141, 103
140, 102
138, 102
117, 106
128, 109
142, 106
134, 99
128, 109
131, 112
213, 104
133, 103
200, 107
200, 107
138, 105
137, 103
137, 103
127, 100
127, 100
137, 104
132, 101
137, 98
134, 104
134, 103
133, 98
145, 105
132, 97
139, 102
139, 102
134, 101
195, 108
129, 95
131, 96
192, 108
131, 96
185, 100
188, 105
103, 98
162, 92
162, 83
198, 109
122, 92
140, 105
140, 99
124, 92
124, 92
114, 104
144, 105
140, 101
199, 112
192, 111
134, 98
140, 101
140, 102
141, 101
213, 113
136, 100
135, 105
125, 100
138, 100
138, 106
136, 104
140, 101
117, 113
132, 107
135, 115
204, 102
212, 107
202, 114
156, 110
146, 105
146, 110
148, 110
145, 111
153, 108
153, 108
160, 119
142, 124
140, 107
140, 107
118, 107
142, 109
147, 127
123, 123
178, 97
132, 104
142, 115
118, 106
118, 106
115, 105
149, 107
142, 108
141, 108
146, 125
126, 108
142, 108
133, 105
149, 109
124, 106
126, 109
124, 105
124, 103
118, 99
188, 101
124, 97
132, 102
136, 106
128, 99
143, 102
130, 99
146, 105
210, 100
183, 104
139, 101
134, 103
136, 105
148, 107
154, 111
173, 88
194, 96
194, 96
150, 110
122, 96
153, 112
136, 98
136, 98
130, 100
132, 101
124, 96
197, 106
134, 104
146, 104
119, 96
128, 100
127, 108
132, 101
132, 101
132, 102
134, 104
121, 95
131, 101
123, 101
140, 107
142, 109
142, 108
142, 108
148, 125
140, 114
134, 113
138, 108
142, 107
142, 107
141, 107
143, 107
132, 113
134, 104
144, 109
141, 108
142, 108
140, 109
140, 109
143, 109
140, 107
147, 117
132, 102
140, 102
128, 105
133, 104
130, 101
148, 105
134, 102
132, 102
127, 106
127, 105
133, 101
124, 105
129, 100
129, 100
140, 100
189, 92
189, 91
137, 102
146, 103
130, 106
184, 98
192, 101
131, 96
128, 99
134, 102
130, 101
124, 100
129, 99
129, 107
129, 106
130, 107
136, 103
137, 102
188, 98
201, 100
107, 115
208, 105
206, 102
149, 100
188, 108
102, 99
122, 110
86, 70
145, 107
106, 76
148, 106
148, 106
108, 75
95, 72
106, 77
106, 77
98, 71
110, 79
152, 109
214, 107
211, 103
193, 98
152, 109
126, 110
125, 111
87, 71
86, 69
133, 107
141, 105
145, 119
127, 110
140, 109
193, 115
152, 111
137, 108
125, 113
173, 98
133, 101
127, 112
126, 110
129, 104
139, 108
129, 112
126, 102
128, 113
150, 110
141, 105
148, 112
127, 113
152, 112
152, 112
138, 108
175, 173
163, 138
113, 84
78, 81
99, 85
67, 82
114, 87
72, 78
91, 83
99, 93
68, 85
89, 92
92, 93
74, 89
100, 84
74, 88
74, 88
90, 92
76, 89
95, 74
63, 85
90, 78
90, 78
62, 83
137, 109
63, 83
64, 83
105, 119
122, 126
129, 115
132, 128
90, 88
83, 89
88, 75
131, 114
111, 124
103, 121
138, 113
104, 125
106, 119
131, 107
108, 115
108, 115
122, 115
105, 123
106, 124
106, 124
106, 124
103, 124
133, 114
137, 114
103, 126
104, 122
136, 113
105, 127
94, 113
131, 107
98, 111
91, 110
92, 109
113, 117
114, 125
113, 118
113, 118
136, 108
92, 110
73, 68
48, 76
105, 92
111, 98
111, 98
111, 103
108, 93
96, 86
96, 86
118, 98
136, 96
117, 102
117, 102
108, 88
108, 91
98, 83
88, 80
86, 80
108, 91
119, 92
119, 92
135, 98
110, 93
169, 87
117, 101
119, 97
79, 89
136, 62
75, 68
114, 106
143, 94
143, 94
150, 119
152, 118
152, 118
192, 90
152, 124
150, 119
122, 112
127, 106
127, 106
202, 96
163, 100
117, 110
96, 102
121, 109
98, 93
96, 95
123, 107
103, 99
102, 105
102, 105
124, 113
124, 113
97, 90
97, 90
102, 108
120, 111
126, 116
104, 108
104, 104
104, 104
110, 105
110, 105
103, 104
102, 94
136, 92
114, 95
95, 84
109, 90
109, 90
106, 91
119, 108
113, 110
114, 110
114, 110
118, 102
111, 109
111, 100
95, 96
95, 96
107, 95
112, 91
102, 91
101, 87
94, 92
115, 95
126, 93
96, 47
110, 86
102, 83
107, 88
81, 62
81, 62
111, 88
99, 86
49, 107
64, 108
201, 187
201, 187
76, 47
76, 47
98, 50
87, 74
94, 77
93, 77
93, 77
89, 78
99, 54
95, 82
103, 80
100, 82
101, 81
99, 84
90, 80
90, 81
114, 85
119, 84
108, 80
169, 121
160, 87
162, 126
124, 79
155, 122
156, 114
129, 70
163, 121
158, 122
167, 115
155, 112
169, 114
158, 112
158, 112
106, 67
106, 67
160, 112
160, 112
141, 117
163, 114
163, 114
156, 109
148, 120
148, 120
179, 133
169, 147
169, 147
159, 132
159, 132
159, 119
172, 122
163, 123
166, 121
144, 115
144, 115
152, 118
157, 119
111, 77
109, 75
109, 75
123, 75
123, 75
163, 125
152, 137
174, 103
171, 100
171, 100
182, 111
150, 117
150, 117
184, 109
153, 139
157, 120
166, 103
182, 106
174, 104
136, 119
103, 75
143, 118
143, 118
162, 109
144, 121
97, 78
98, 80
88, 77
77, 70
116, 61
113, 71
80, 73
118, 63
118, 63
85, 54
102, 76
111, 81
46, 75
61, 74
160, 147
242, 229
220, 205
75, 58
79, 62
87, 62
98, 37
71, 63
77, 64
75, 51
74, 46
71, 50
71, 51
73, 48
73, 48
70, 47
72, 50
74, 47
84, 51
86, 51
71, 47
81, 58
121, 104
127, 96
118, 104
69, 71
69, 71
69, 71
75, 72
76, 69
86, 79
105, 98
107, 94
103, 93
157, 133
90, 67
103, 82
102, 131
48, 75
48, 75
243, 202
198, 224
173, 112
170, 113
119, 97
105, 97
155, 120
147, 134
166, 112
166, 112
115, 86
161, 102
161, 102
157, 115
157, 115
157, 115
157, 115
158, 116
158, 116
127, 149
169, 111
169, 111
172, 109
172, 109
172, 109
170, 108
128, 100
129, 99
100, 103
100, 103
100, 94
99, 90
155, 110
118, 116
170, 116
128, 101
128, 101
102, 102
116, 85
164, 105
112, 72
164, 111
168, 114
168, 114
169, 114
151, 125
151, 109
120, 97
150, 109
150, 109
170, 116
101, 103
101, 103
168, 112
171, 113
171, 111
168, 113
113, 81
169, 113
126, 149
169, 113
166, 113
166, 113
91, 104
91, 104
164, 113
164, 113
79, 74
82, 76
152, 112
156, 146
143, 134
101, 79
107, 85
107, 85
198, 210
199, 197
128, 121
128, 121
128, 121
80, 26
80, 26
81, 29
81, 29
78, 26
78, 26
78, 26
78, 29
79, 27
79, 27
83, 29
79, 27
82, 27
79, 27
80, 27
80, 27
82, 27
80, 26
74, 33
74, 33
78, 26
77, 33
106, 51
121, 47
81, 40
109, 57
102, 52
102, 52
102, 52
76, 46
76, 46
76, 47
75, 43
75, 43
79, 47
71, 58
76, 47
110, 65
107, 58
71, 44
102, 53
102, 53
94, 83
85, 98
124, 125
89, 78
86, 66
86, 66
86, 65
91, 71
74, 52
74, 52
93, 66
107, 113
102, 103
93, 179
105, 119
107, 110
110, 120
110, 120
134, 130
110, 122
106, 119
108, 108
110, 112
110, 112
99, 109
109, 111
99, 108
123, 116
109, 111
109, 121
107, 112
114, 126
109, 111
110, 112
111, 113
111, 116
111, 108
108, 114
115, 100
117, 103
104, 109
113, 112
113, 112
114, 108
109, 117
105, 115
108, 116
109, 117
113, 117
111, 114
113, 116
114, 120
156, 152
117, 113
119, 114
91, 112
91, 112
119, 114
114, 123
159, 155
102, 115
102, 115
103, 115
112, 117
112, 119
112, 111
116, 112
116, 112
113, 112
105, 108
116, 113
117, 113
116, 114
109, 117
109, 120
112, 123
116, 113
122, 104
122, 104
109, 119
115, 114
114, 123
114, 124
117, 124
113, 119
111, 115
111, 115
119, 114
119, 114
115, 113
115, 113
90, 112
117, 114
119, 113
93, 101
117, 110
117, 109
154, 151
117, 112
117, 104
112, 119
112, 119
115, 109
116, 113
134, 105
134, 105
98, 115
96, 111
107, 115
109, 122
100, 115
110, 120
129, 124
131, 130
139, 131
137, 131
111, 124
108, 114
108, 125
108, 118
106, 115
103, 108
107, 109
112, 122
105, 111
105, 111
112, 122
112, 122
173, 152
173, 152
130, 135
132, 139
132, 139
132, 139
131, 136
132, 136
132, 135
144, 164
155, 143
162, 166
135, 140
145, 128
142, 124
142, 124
144, 126
145, 126
129, 134
144, 125
133, 139
133, 139
164, 166
164, 166
141, 128
137, 121
148, 154
132, 138
133, 139
133, 139
132, 136
135, 140
146, 144
144, 145
149, 144
159, 152
159, 152
148, 144
163, 153
137, 131
132, 137
136, 140
144, 146
144, 145
136, 140
145, 127
139, 141
167, 150
171, 129
143, 132
143, 144
143, 143
143, 143
142, 119
144, 129
144, 125
113, 126
146, 142
148, 145
135, 138
144, 127
144, 126
145, 127
145, 127
135, 141
136, 141
162, 145
150, 125
161, 157
161, 157
173, 154
150, 155
150, 155
174, 151
172, 152
178, 133
161, 153
172, 162
172, 162
91, 71
170, 161
159, 158
167, 161
164, 160
163, 159
126, 122
128, 123
128, 123
158, 155
124, 122
152, 122
152, 122
148, 154
147, 153
151, 130
168, 129
166, 126
152, 150
149, 149
149, 149
150, 131
119, 132
100, 125
121, 130
98, 125
113, 114
124, 135
111, 115
64, 78
64, 78
125, 90
124, 65
121, 57
92, 116
94, 119
97, 102
94, 111
104, 114
93, 111
100, 104
106, 97
122, 99
98, 94
117, 100
111, 104
95, 90
78, 149
93, 137
143, 92
51, 128
65, 108
59, 102
59, 102
44, 139
41, 136
38, 130
38, 130
70, 84
37, 131
44, 117
41, 138
113, 108
59, 71
57, 87
55, 70
46, 115
46, 115
70, 86
90, 94
75, 134
61, 117
41, 80
57, 70
49, 82
53, 80
54, 93
43, 94
80, 133
43, 98
43, 98
90, 133
78, 139
44, 115
48, 119
68, 138
47, 112
164, 230
164, 250
157, 226
43, 112
69, 131
55, 114
65, 121
47, 107
47, 114
71, 123
71, 123
188, 281
98, 149
69, 139
71, 97
70, 97
163, 256
81, 135
82, 141
72, 135
76, 138
69, 131
62, 90
50, 111
71, 123
71, 123
61, 78
66, 100
84, 130
99, 145
99, 145
47, 85
47, 85
98, 141
98, 141
97, 150
58, 125
63, 130
107, 136
107, 136
101, 135
101, 135
97, 153
97, 153
97, 148
97, 151
94, 143
93, 141
99, 150
97, 146
97, 146
42, 81
42, 81
91, 140
91, 140
96, 142
93, 141
102, 129
102, 129
92, 143
92, 143
100, 131
100, 131
100, 131
92, 143
97, 148
110, 150
106, 145
105, 145
103, 145
103, 145
103, 145
103, 145
93, 137
96, 140
99, 139
99, 139
100, 137
100, 137
102, 133
106, 143
105, 142
105, 142
105, 142
104, 142
100, 137
106, 146
106, 146
107, 142
103, 141
111, 166
102, 142
111, 173
109, 166
109, 166
92, 132
92, 132
99, 144
90, 132
99, 157
111, 151
112, 150
112, 150
111, 151
111, 151
112, 153
115, 138
106, 148
105, 139
116, 161
116, 161
114, 139
114, 139
102, 132
102, 132
114, 140
113, 139
100, 143
113, 138
113, 138
113, 138
113, 138
112, 147
101, 130
101, 130
113, 137
90, 129
100, 138
104, 166
102, 142
111, 151
100, 132
114, 142
90, 130
90, 130
92, 132
92, 132
111, 134
101, 158
101, 158
108, 146
107, 139
108, 143
113, 133
109, 148
103, 141
112, 128
104, 155
103, 159
103, 159
103, 159
106, 149
106, 149
106, 149
62, 99
113, 162
113, 162
73, 147
59, 111
63, 91
60, 108
58, 84
58, 84
54, 100
54, 84
69, 128
56, 87
57, 94
56, 88
55, 87
53, 85
53, 85
57, 89
57, 89
58, 88
58, 84
57, 105
57, 105
63, 93
63, 93
63, 89
63, 89
69, 137
69, 137
61, 104
61, 104
64, 90
61, 105
62, 111
71, 125
58, 106
58, 106
58, 107
58, 106
58, 106
57, 106
53, 80
56, 101
56, 101
57, 106
57, 106
56, 106
55, 99
55, 99
57, 101
61, 108
64, 93
63, 92
62, 90
62, 90
63, 92
56, 88
106, 135
109, 149
108, 143
106, 161
105, 137
104, 156
108, 142
124, 132
106, 164
104, 158
119, 140
115, 150
106, 163
97, 144
105, 136
75, 129
75, 129
100, 134
117, 152
63, 89
110, 145
110, 145
110, 145
105, 151
73, 131
73, 131
114, 143
61, 93
61, 93
114, 142
105, 147
105, 147
120, 127
120, 127
124, 117
85, 102
85, 102
54, 88
54, 96
106, 152
101, 163
101, 163
55, 95
68, 132
68, 139
68, 139
136, 172
136, 172
55, 92
62, 98
110, 159
59, 107
55, 91
68, 103
106, 158
71, 125
71, 125
57, 116
57, 116
59, 131
56, 122
43, 83
43, 83
47, 85
91, 123
91, 122
59, 70
52, 71
57, 78
96, 123
96, 123
96, 123
93, 138
105, 132
56, 130
55, 74
55, 126
65, 72
55, 70
45, 77
45, 77
88, 119
88, 119
88, 119
88, 126
88, 126
88, 126
88, 119
88, 119
88, 119
88, 119
101, 127
87, 124
87, 124
88, 122
89, 120
98, 126
98, 126
90, 120
90, 120
90, 120
90, 117
91, 116
91, 116
101, 128
101, 128
89, 116
89, 116
86, 125
104, 131
104, 131
104, 131
87, 119
103, 132
98, 130
98, 130
90, 118
89, 119
90, 118
90, 118
89, 123
89, 123
89, 123
63, 104
63, 104
97, 128
94, 127
94, 127
94, 127
91, 117
76, 117
106, 138
106, 138
107, 138
90, 119
95, 128
103, 134
94, 180
90, 120
90, 120
62, 106
95, 128
95, 127
94, 127
99, 128
105, 131
90, 119
90, 119
90, 119
88, 124
88, 124
101, 130
101, 130
102, 128
102, 128
102, 128
109, 136
104, 133
111, 184
91, 125
91, 125
95, 127
95, 128
91, 111
96, 128
89, 120
95, 118
104, 128
94, 123
99, 124
94, 128
88, 123
98, 126
87, 120
100, 135
91, 130
89, 124
89, 124
89, 123
89, 123
89, 123
97, 128
98, 123
99, 106
90, 120
92, 122
92, 122
87, 126
87, 126
88, 126
88, 126
87, 120
92, 121
103, 139
96, 129
92, 119
92, 129
92, 129
86, 126
86, 126
86, 126
101, 134
100, 132
106, 181
106, 181
91, 131
91, 131
99, 136
92, 132
92, 132
91, 129
91, 129
81, 123
91, 133
98, 137
98, 137
90, 127
96, 132
100, 137
97, 128
100, 138
96, 132
96, 132
95, 134
100, 139
100, 139
101, 130
101, 129
115, 124
93, 124
119, 132
94, 130
91, 129
91, 129
91, 129
102, 132
89, 129
93, 123
92, 121
92, 121
88, 126
91, 125
91, 125
89, 125
88, 126
95, 130
89, 126
89, 126
87, 126
88, 127
88, 127
87, 127
88, 126
97, 130
101, 133
91, 127
92, 129
92, 129
90, 131
90, 131
92, 122
93, 121
89, 126
88, 128
88, 118
88, 126
87, 125
87, 125
88, 128
87, 127
87, 127
86, 122
91, 131
99, 106
90, 131
90, 131
95, 132
90, 131
90, 131
93, 129
99, 137
90, 130
90, 130
90, 131
94, 128
93, 128
86, 125
86, 125
82, 102
82, 102
72, 66
64, 79
64, 79
73, 84
73, 84
66, 93
120, 128
120, 128
55, 122
68, 73
68, 73
116, 135
121, 139
96, 130
77, 111
77, 111
92, 125
58, 78
64, 124
102, 192
102, 192
56, 120
56, 120
77, 110
60, 83
87, 92
68, 79
125, 135
59, 128
59, 128
117, 180
125, 183
95, 93
127, 153
127, 153
129, 187
124, 143
128, 141
85, 129
77, 109
77, 109
73, 86
64, 139
59, 133
74, 85
65, 83
66, 142
76, 110
100, 168
73, 85
73, 85
73, 79
98, 87
98, 93
63, 81
63, 80
58, 128
58, 128
67, 132
72, 82
74, 85
74, 85
72, 82
65, 82
89, 90
73, 87
71, 87
71, 115
100, 134
104, 133
98, 94
98, 94
58, 128
58, 128
93, 94
77, 89
77, 89
88, 91
88, 91
59, 132
74, 89
59, 131
93, 127
94, 127
100, 136
95, 128
93, 127
93, 127
93, 127
119, 182
120, 183
129, 186
86, 90
54, 77
112, 149
55, 75
122, 152
122, 152
66, 89
95, 93
103, 168
100, 113
81, 103
81, 103
81, 103
90, 117
85, 110
114, 120
114, 120
113, 126
118, 172
118, 172
52, 112
52, 112
82, 86
75, 69
77, 69
91, 84
91, 84
89, 82
89, 82
168, 167
168, 167
168, 165
162, 162
163, 160
163, 161
163, 161
169, 170
166, 162
169, 166
171, 169
163, 164
163, 164
98, 90
96, 90
96, 90
96, 87
62, 79
96, 88
97, 88
99, 90
96, 87
96, 87
94, 87
99, 91
71, 53
94, 87
96, 88
94, 86
93, 86
168, 167
99, 90
99, 90
97, 89
100, 91
57, 79
95, 86
98, 89
167, 166
167, 165
95, 88
60, 79
93, 85
73, 58
73, 58
74, 63
300, 300
300, 300
300, 300
300, 300
300, 300
300, 300
300, 300
300, 300
300, 300
300, 300
300, 300
300, 300
300, 300
300, 300
300, 300
300, 300
300, 300
300, 300
300, 300
300, 300
300, 300
300, 300
300, 300
300, 300
300, 300
300, 300
300, 300
300, 300
300, 300
300, 300
300, 300
300, 300
300, 300
300, 300
300, 300
300, 300
300, 300
300, 300
300, 300
300, 300
300, 300
300, 300
300, 300
300, 300
300, 300
300, 300
300, 300
300, 300
300, 300
300, 300
300, 300
300, 300
300, 300
300, 300
300, 300
300, 300
300, 300
300, 300
300, 300
300, 300
300, 300
300, 300
300, 300
300, 300
300, 300
300, 300
300, 300
300, 300
300, 300
300, 300
300, 300
300, 300
300, 300
300, 300
300, 300
300, 300
300, 300
300, 300
300, 300
300, 300
300, 300
300, 300
300, 300
300, 300
300, 300
300, 300
300, 300
300, 300
166, 167
168, 168
164, 164
164, 162
163, 164
163, 164
167, 165
165, 160
163, 160
162, 161
165, 164
162, 161
162, 158
165, 163
158, 155
159, 146
157, 160
160, 157
155, 142
161, 159
157, 154
158, 160
89, 85
56, 73
162, 153
167, 168
168, 165
168, 165
168, 165
170, 171
170, 171
173, 170
173, 176
170, 173
171, 171
171, 171
300, 300
174, 175
300, 300
168, 167
166, 167
169, 168
168, 168
170, 170
169, 168
166, 167
168, 175
170, 175
167, 168
170, 174
161, 162
165, 165
165, 165
166, 167
153, 152
162, 165
160, 161
160, 161
161, 162
300, 300
163, 163
161, 161
300, 300
162, 161
162, 165
162, 165
163, 164
162, 164
165, 164
161, 159
164, 163
161, 154
160, 158
166, 166
172, 168
166, 164
90, 84
90, 84
167, 167
169, 166
172, 167
165, 164
165, 164
90, 84
167, 166
94, 90
92, 84
92, 84
94, 89
95, 85
172, 166
165, 166
165, 166
164, 165
163, 163
163, 151
162, 158
166, 170
167, 165
167, 165
167, 165
92, 84
94, 84
163, 162
165, 164
168, 166
169, 166
91, 84
61, 78
94, 88
88, 85
163, 163
158, 158
160, 162
162, 162
164, 164
155, 154
153, 149
164, 165
163, 163
163, 162
161, 160
158, 157
165, 165
164, 163
152, 153
154, 154
155, 156
154, 154
161, 160
160, 159
161, 163
159, 160
162, 159
162, 159
162, 162
161, 157
161, 157
162, 162
164, 164
164, 164
160, 158
163, 162
162, 163
162, 159
160, 159
158, 160
160, 159
159, 160
156, 156
156, 153
156, 153
155, 150
155, 150
162, 159
162, 165
157, 158
156, 154
161, 160
162, 160
157, 158
152, 140
155, 155
157, 156
155, 142
155, 154
156, 155
155, 154
149, 151
152, 151
154, 154
152, 150
155, 142
157, 155
156, 151
139, 142
157, 156
166, 165
300, 300
300, 300
300, 300
300, 300
300, 300
300, 300
300, 300
300, 300
300, 300
300, 300
300, 300
300, 300
300, 300
300, 300
300, 300
74, 64
74, 62
77, 70
77, 70
75, 67
74, 67
159, 154
167, 163
167, 163
80, 75
83, 75
164, 161
71, 88
71, 88
67, 82
67, 82
66, 84
73, 92
73, 92
65, 81
81, 99
71, 85
71, 85
70, 87
68, 86
76, 93
75, 93
76, 93
76, 93
76, 93
69, 87
70, 87
70, 87
76, 94
68, 86
68, 86
63, 80
73, 91
70, 88
70, 88
72, 90
72, 90
71, 90
108, 115
108, 115
111, 119
106, 117
113, 122
117, 135
117, 134
117, 134
111, 129
111, 129
111, 129
109, 119
109, 119
116, 133
116, 133
111, 124
113, 123
113, 123
113, 124
113, 124
108, 120
108, 118
115, 133
108, 118
115, 134
115, 134
108, 120
108, 120
110, 122
110, 122
110, 122
111, 123
111, 124
113, 124
112, 124
119, 134
118, 134
118, 134
111, 124
109, 122
109, 122
95, 108
99, 101
112, 125
117, 133
110, 123
110, 123
117, 134
109, 122
118, 136
118, 136
117, 133
111, 123
111, 123
117, 133
117, 133
113, 124
112, 125
112, 124
121, 137
115, 125
300, 300
300, 300
300, 300
300, 300
300, 300
300, 300
300, 300
300, 300
300, 300
114, 126
114, 126
121, 136
119, 136
119, 136
300, 300
300, 300
300, 300
300, 300
300, 300
117, 133
300, 300
300, 300
114, 125
114, 125
300, 300
300, 300
300, 300
113, 125
124, 138
300, 300
300, 300
118, 134
300, 300
300, 300
109, 118
300, 300
300, 300
111, 123
300, 300
300, 300
300, 300
300, 300
300, 300
300, 300
300, 300
300, 300
300, 300
300, 300
300, 300
300, 300
300, 300
300, 300
300, 300
300, 300
300, 300
300, 300
300, 300
300, 300
300, 300
300, 300
300, 300
300, 300
300, 300
300, 300
300, 300
300, 300
300, 300
300, 300
300, 300
300, 300
112, 123
112, 123
112, 123
125, 140
125, 140
125, 140
116, 126
300, 300
300, 300
300, 300
300, 300
300, 300
122, 137
111, 131
113, 132
99, 114
108, 128
113, 130
113, 130
112, 128
109, 127
108, 127
98, 116
109, 129
300, 300
110, 130
104, 123
109, 125
104, 124
154, 147
149, 165
146, 141
146, 136
163, 144
168, 153
210, 218
225, 234
205, 213
198, 206
173, 180
209, 216
151, 148
152, 131
199, 201
199, 201
151, 151
159, 161
164, 167
154, 150
154, 148
157, 152
72, 89
74, 94
76, 92
77, 92
88, 112
85, 115
76, 99
79, 88
146, 187
87, 90
85, 86
77, 81
106, 135
106, 135
107, 132
161, 202
148, 192
80, 89
81, 89
132, 172
300, 300
128, 166
93, 95
140, 179
66, 94
66, 94
69, 87
69, 87
75, 102
75, 83
300, 300
71, 89
71, 89
73, 77
88, 117
78, 77
91, 103
88, 107
90, 75
87, 72
88, 74
88, 74
82, 70
82, 70
83, 70
87, 74
67, 73
74, 64
74, 64
68, 74
69, 80
83, 85
83, 85
160, 152
119, 127
143, 106
156, 119
156, 119
162, 125
216, 203
216, 203
150, 113
150, 113
150, 113
152, 116
153, 116
150, 114
150, 114
148, 112
148, 112
158, 123
167, 131
102, 81
102, 81
102, 81
169, 136
147, 116
189, 180
189, 180
101, 81
112, 79
120, 91
112, 98
112, 98
193, 172
194, 176
108, 86
112, 91
115, 96
117, 108
115, 96
121, 109
122, 112
121, 109
126, 105
128, 108
126, 113
126, 113
125, 112
125, 112
126, 113
128, 113
126, 113
131, 104
133, 102
127, 110
126, 113
127, 106
123, 99
126, 113
120, 100
127, 106
122, 112
120, 103
121, 109
121, 109
121, 110
119, 108
120, 108
114, 103
115, 102
120, 110
120, 110
125, 103
120, 109
124, 110
124, 111
122, 111
121, 110
127, 105
127, 105
123, 111
122, 100
119, 110
119, 109
119, 109
129, 103
117, 107
118, 107
117, 105
118, 108
122, 110
122, 110
122, 110
119, 108
115, 104
114, 92
118, 106
121, 111
121, 111
118, 96
117, 108
116, 108
120, 110
117, 112
120, 90
119, 111
120, 113
122, 110
120, 108
122, 110
120, 109
117, 109
119, 114
120, 113
120, 115
118, 97
123, 99
124, 112
124, 113
122, 113
118, 107
117, 97
117, 97
123, 110
123, 110
121, 110
120, 110
120, 108
120, 108
119, 112
119, 106
116, 96
121, 105
113, 91
117, 107
120, 108
120, 108
120, 108
115, 97
132, 96
116, 103
119, 105
119, 105
140, 103
140, 103
120, 105
118, 98
122, 110
119, 101
119, 101
118, 98
127, 109
124, 107
114, 92
125, 92
137, 119
118, 103
112, 110
108, 101
113, 90
111, 91
110, 91
118, 102
115, 103
115, 102
116, 102
116, 101
116, 101
115, 98
111, 97
107, 89
105, 84
112, 99
114, 97
133, 96
113, 76
112, 74
228, 220
228, 220
106, 85
102, 73
208, 195
115, 96
129, 102
124, 100
113, 95
113, 110
108, 101
108, 101
108, 101
116, 102
115, 97
115, 97
128, 99
128, 99
118, 98
118, 98
119, 102
114, 95
114, 97
114, 97
117, 102
115, 100
186, 170
115, 100
115, 100
115, 102
115, 102
113, 101
124, 100
112, 101
112, 99
111, 94
111, 94
110, 95
103, 98
151, 133
111, 95
122, 94
115, 84
107, 87
111, 99
111, 98
100, 90
109, 99
105, 102
119, 89
114, 84
115, 84
99, 91
104, 102
99, 89
103, 102
98, 90
105, 102
105, 102
104, 101
99, 86
103, 97
103, 97
103, 97
101, 96
97, 84
192, 176
192, 176
197, 180
191, 168
188, 167
202, 219
206, 214
207, 198
178, 161
87, 83
82, 76
88, 84
107, 77
110, 92
106, 80
87, 73
153, 138
203, 197
105, 79
156, 157
178, 157
87, 91
149, 138
174, 157
91, 63
70, 69
88, 85
164, 156
174, 159
173, 156
76, 76
76, 76
153, 143
153, 143
149, 142
85, 88
80, 80
183, 170
175, 171
182, 170
104, 109
108, 99
108, 99
78, 74
78, 74
79, 78
79, 78
97, 78
87, 85
96, 76
121, 108
132, 119
84, 72
84, 72
87, 71
137, 125
171, 153
142, 149
74, 66
114, 151
140, 169
129, 156
167, 158
164, 157
159, 151
171, 169
144, 159
161, 153
160, 160
177, 175
110, 137
142, 157
122, 151
127, 169
119, 139
126, 157
143, 187
143, 186
121, 142
189, 181
202, 191
202, 191
202, 194
201, 188
190, 188
184, 181
215, 205
195, 191
237, 231
208, 195
208, 195
137, 143
66, 80
59, 91
146, 149
154, 170
131, 147
67, 81
63, 75
53, 78
142, 155
62, 73
76, 86
161, 156
158, 151
180, 175
180, 175
168, 173
166, 170
166, 167
300, 300
300, 300
300, 300
300, 300
300, 300
300, 300
300, 300
300, 300
88, 73
300, 300
300, 300
300, 300
300, 300
300, 300
300, 300
184, 180
164, 165
163, 165
162, 167
164, 170
160, 163
161, 156
162, 156
159, 155
170, 158
180, 169
162, 158
180, 169
180, 169
181, 169
164, 160
163, 160
182, 173
184, 181
168, 170
150, 148
300, 300
186, 177
91, 74
151, 143
149, 145
72, 62
72, 62
185, 177
185, 177
143, 134
91, 75
162, 165
160, 162
161, 157
91, 75
187, 180
157, 154
161, 158
181, 170
92, 75
300, 300
300, 300
300, 300
300, 300
300, 300
234, 258
80, 90
78, 81
75, 81
75, 81
56, 75
59, 82
86, 89
96, 97
55, 79
54, 77
95, 95
90, 94
300, 300
300, 300
300, 300
103, 78
113, 79
110, 83
107, 84
118, 99
108, 76
67, 83
72, 78
60, 82
82, 76
82, 76
70, 86
80, 86
77, 85
78, 92
205, 209
216, 213
225, 224
228, 227
240, 232
245, 243
242, 240
244, 243
254, 248
254, 248
232, 231
232, 231
72, 84
73, 83
73, 83
75, 86
75, 86
73, 86
73, 86
73, 80
73, 80
73, 83
82, 85
67, 74
75, 86
75, 86
82, 84
82, 84
81, 83
81, 83
74, 85
78, 81
78, 81
66, 79
66, 79
80, 82
80, 82
75, 85
84, 83
75, 81
66, 79
66, 79
74, 78
76, 85
73, 81
73, 81
65, 77
73, 78
73, 78
83, 86
83, 86
77, 83
66, 73
79, 81
77, 83
74, 83
81, 80
75, 75
69, 80
69, 80
73, 83
70, 81
70, 81
76, 85
76, 85
76, 87
79, 81
79, 81
73, 83
73, 83
74, 83
74, 83
73, 83
73, 83
76, 88
76, 88
83, 94
77, 88
77, 88
79, 89
76, 85
76, 85
71, 81
71, 81
69, 76
72, 83
74, 84
74, 84
73, 84
68, 78
73, 84
69, 79
73, 79
74, 84
76, 81
72, 82
76, 84
76, 84
73, 82
73, 83
74, 85
74, 85
69, 80
76, 78
76, 78
77, 87
77, 87
73, 84
73, 80
69, 79
82, 89
90, 87
82, 86
74, 87
77, 87
75, 86
75, 86
75, 87
78, 88
78, 88
83, 92
83, 92
85, 96
85, 96
83, 96
81, 92
81, 92
81, 93
81, 93
82, 93
86, 96
95, 97
90, 92
90, 92
91, 91
78, 88
78, 88
70, 80
70, 80
76, 86
83, 87
87, 89
81, 80
81, 80
63, 74
66, 81
72, 79
72, 79
75, 75
64, 73
64, 73
64, 75
64, 75
86, 85
86, 85
98, 112
84, 81
82, 82
79, 80
81, 78
81, 78
77, 76
77, 76
77, 79
76, 77
76, 77
75, 79
75, 78
75, 78
74, 77
74, 77
61, 73
61, 73
67, 72
62, 73
62, 73
115, 125
108, 114
108, 114
97, 94
97, 94
97, 94
117, 118
117, 118
117, 118
109, 105
133, 136
133, 136
133, 136
111, 117
111, 117
111, 117
111, 117
111, 117
111, 117
120, 102
112, 105
121, 102
117, 123
117, 123
139, 146
139, 146
127, 119
151, 155
117, 108
114, 94
114, 94
123, 114
116, 95
116, 95
116, 95
116, 95
114, 96
109, 92
109, 92
109, 92
119, 99
119, 99
106, 103
84, 83
100, 98
107, 94
86, 75
110, 98
117, 104
112, 113
109, 104
109, 92
105, 107
87, 72
107, 90
102, 102
102, 102
106, 106
84, 86
86, 83
117, 129
117, 129
145, 137
148, 142
150, 142
114, 95
114, 95
122, 114
122, 114
127, 130
127, 130
128, 130
128, 107
149, 141
202, 198
202, 183
102, 72
162, 147
162, 151
162, 151
184, 184
156, 145
168, 139
168, 139
160, 149
160, 149
117, 105
120, 87
169, 155
169, 155
104, 102
170, 149
170, 149
138, 124
138, 124
161, 146
161, 146
162, 130
162, 130
168, 157
106, 92
106, 92
171, 160
141, 126
141, 126
120, 108
166, 154
168, 158
171, 159
171, 159
78, 62
81, 81
82, 77
171, 139
77, 81
81, 65
81, 65
130, 98
177, 157
84, 78
77, 82
77, 82
120, 108
78, 79
78, 79
78, 79
130, 118
126, 115
77, 81
77, 81
76, 79
76, 79
80, 78
167, 149
167, 133
77, 89
77, 89
86, 87
86, 87
92, 94
148, 132
123, 109
82, 62
99, 73
83, 84
130, 116
151, 135
130, 116
106, 97
132, 121
132, 121
99, 92
99, 92
101, 90
98, 87
78, 83
98, 87
96, 70
90, 89
95, 84
101, 90
98, 91
111, 103
111, 103
137, 127
137, 127
97, 90
97, 90
171, 161
79, 77
79, 77
151, 143
108, 103
165, 154
104, 92
80, 76
138, 126
138, 126
80, 76
100, 89
175, 156
135, 124
116, 88
155, 146
136, 124
136, 124
159, 147
159, 147
162, 149
161, 148
161, 148
116, 112
116, 112
97, 83
99, 91
99, 91
83, 88
79, 85
79, 85
146, 135
102, 90
97, 95
117, 108
144, 114
148, 139
171, 161
159, 138
159, 138
154, 135
156, 127
149, 140
160, 131
135, 105
73, 75
121, 94
121, 94
150, 122
143, 134
83, 69
125, 112
76, 66
76, 66
78, 68
78, 68
145, 115
73, 63
73, 63
128, 115
128, 115
114, 104
77, 72
139, 130
125, 114
125, 114
123, 112
123, 112
134, 124
142, 132
142, 132
76, 74
104, 87
124, 108
145, 125
102, 85
74, 72
74, 72
130, 99
149, 129
105, 72
133, 99
130, 117
136, 104
137, 121
134, 100
107, 77
107, 77
132, 113
128, 118
136, 123
108, 97
129, 117
131, 117
131, 119
131, 119
107, 97
107, 97
80, 72
80, 72
172, 152
103, 91
124, 110
105, 93
105, 93
103, 91
76, 75
123, 112
95, 82
99, 72
102, 74
102, 74
96, 87
129, 118
79, 63
77, 67
147, 125
154, 136
154, 136
134, 115
134, 115
143, 131
141, 131
141, 131
124, 109
124, 109
98, 85
116, 101
137, 123
165, 161
156, 150
126, 111
156, 150
106, 90
108, 93
108, 93
116, 100
116, 100
113, 100
113, 100
111, 79
131, 97
127, 96
120, 106
117, 100
117, 100
127, 110
127, 110
120, 103
120, 103
118, 84
129, 97
95, 77
125, 107
125, 107
121, 104
111, 94
152, 136
128, 108
149, 131
142, 127
135, 120
140, 115
121, 100
79, 84
82, 79
207, 199
207, 199
85, 82
85, 82
197, 189
197, 189
137, 99
136, 107
136, 107
215, 199
137, 97
132, 117
137, 109
138, 116
119, 99
135, 113
129, 111
134, 106
134, 106
141, 112
137, 107
131, 112
117, 91
117, 91
118, 99
213, 198
208, 202
116, 97
116, 97
119, 93
157, 130
151, 124
140, 111
140, 111
130, 111
182, 164
216, 206
216, 206
133, 111
158, 131
137, 99
173, 147
190, 162
91, 89
177, 159
179, 162
89, 85
197, 188
158, 137
139, 118
135, 114
140, 102
156, 146
156, 146
162, 145
179, 162
207, 191
207, 191
95, 82
174, 148
174, 148
135, 105
131, 92
131, 92
153, 126
148, 131
115, 97
156, 130
156, 130
165, 129
163, 146
168, 142
122, 95
165, 137
162, 146
195, 170
193, 190
193, 190
135, 127
159, 142
165, 127
100, 74
104, 79
188, 160
188, 160
220, 207
220, 207
222, 189
162, 132
162, 132
174, 171
174, 171
170, 162
170, 162
164, 167
164, 167
225, 198
84, 60
156, 136
156, 136
170, 150
198, 199
213, 206
213, 206
185, 184
178, 172
178, 172
176, 170
176, 167
200, 200
205, 193
168, 168
168, 168
203, 198
203, 198
178, 171
192, 195
192, 195
171, 147
179, 153
169, 162
182, 171
182, 171
189, 185
186, 189
180, 175
170, 162
170, 162
183, 168
196, 180
196, 180
156, 151
156, 151
156, 151
183, 170
183, 170
148, 139
186, 176
177, 159
177, 159
164, 154
155, 148
155, 148
186, 177
186, 177
159, 153
159, 153
154, 148
151, 152
155, 146
137, 136
141, 132
156, 146
156, 146
146, 137
151, 142
151, 142
148, 135
148, 135
170, 180
155, 155
155, 155
174, 184
171, 164
143, 129
145, 131
145, 131
143, 119
146, 131
145, 119
163, 157
146, 141
146, 141
157, 142
157, 142
165, 152
156, 131
156, 131
161, 151
140, 130
140, 130
153, 141
153, 141
158, 145
158, 145
127, 104
159, 135
124, 121
124, 121
135, 132
135, 132
140, 146
140, 146
144, 138
149, 136
141, 142
131, 132
127, 128
131, 125
131, 125
154, 130
122, 118
125, 114
136, 125
145, 137
165, 173
149, 126
141, 128
153, 161
157, 145
149, 151
149, 151
159, 149
159, 149
142, 136
169, 153
165, 158
158, 135
186, 154
175, 160
187, 160
186, 171
191, 174
191, 174
174, 164
174, 164
210, 200
178, 170
178, 170
190, 198
178, 181
178, 181
212, 220
212, 220
202, 200
213, 194
216, 222
219, 204
212, 218
212, 218
215, 217
200, 178
200, 178
197, 170
215, 191
215, 191
208, 199
208, 199
206, 192
180, 183
185, 169
185, 169
164, 146
164, 146
154, 134
162, 141
162, 141
142, 137
168, 158
162, 140
138, 137
138, 137
128, 129
164, 168
161, 171
140, 131
162, 169
111, 87
111, 87
115, 101
115, 101
128, 124
128, 124
87, 83
91, 79
115, 100
124, 118
124, 118
135, 142
135, 142
139, 142
154, 158
145, 145
145, 145
141, 142
141, 142
135, 129
135, 129
139, 138
139, 138
149, 151
149, 151
148, 151
148, 151
165, 166
165, 166
163, 160
163, 160
135, 132
135, 132
96, 100
96, 100
127, 132
127, 132
126, 115
155, 151
155, 151
155, 151
111, 110
111, 110
127, 127
127, 127
125, 113
125, 113
137, 127
137, 127
136, 136
136, 136
74, 76
74, 76
123, 117
117, 120
117, 120
122, 126
122, 126
114, 114
114, 114
98, 97
98, 97
122, 124
122, 124
122, 118
122, 118
111, 106
111, 106
132, 127
154, 147
154, 147
154, 147
119, 118
127, 125
127, 125
106, 101
104, 102
121, 116
116, 120
116, 120
75, 76
102, 105
96, 84
96, 84
105, 104
105, 104
103, 103
108, 93
262, 251
255, 217
125, 127
125, 127
90, 101
117, 127
98, 108
156, 138
156, 138
145, 134
145, 134
142, 132
152, 156
148, 134
96, 108
97, 109
82, 93
147, 142
147, 142
149, 132
153, 138
152, 136
131, 121
105, 115
120, 126
118, 130
116, 129
116, 129
119, 109
139, 144
300, 300
140, 131
116, 123
97, 109
142, 134
142, 134
142, 134
132, 147
132, 147
133, 141
133, 141
101, 113
117, 126
134, 143
145, 136
107, 124
151, 142
152, 143
159, 163
169, 171
180, 167
168, 161
168, 161
168, 161
156, 151
166, 165
133, 145
161, 176
175, 182
173, 179
173, 179
172, 179
178, 184
94, 107
177, 182
161, 174
156, 163
157, 164
174, 181
174, 181
178, 185
101, 112
112, 123
169, 159
176, 167
178, 167
169, 156
154, 145
127, 135
141, 155
133, 139
133, 139
136, 155
136, 155
148, 143
163, 169
169, 169
151, 138
162, 148
169, 160
135, 149
162, 151
110, 125
114, 129
127, 116
127, 116
119, 133
125, 121
119, 108
141, 154
101, 98
92, 116
170, 186
159, 177
156, 148
136, 152
168, 157
253, 229
163, 159
138, 155
138, 155
147, 135
189, 189
114, 109
184, 183
153, 144
193, 188
243, 218
153, 144
171, 165
152, 143
171, 165
194, 188
146, 140
169, 167
99, 110
132, 143
135, 141
111, 116
135, 139
111, 117
108, 119
108, 119
121, 133
125, 132
71, 71
118, 111
110, 117
110, 118
154, 160
158, 157
99, 106
130, 129
130, 129
157, 162
56, 72
133, 131
146, 138
146, 138
105, 108
96, 97
93, 95
93, 95
97, 101
110, 108
110, 108
111, 110
107, 107
110, 107
110, 107
99, 101
99, 101
178, 170
176, 167
170, 164
172, 165
175, 170
175, 170
175, 169
186, 179
173, 167
173, 167
175, 169
175, 167
172, 165
179, 172
179, 172
176, 170
176, 170
177, 169
177, 169
173, 168
173, 165
176, 171
176, 170
176, 170
175, 168
178, 170
109, 110
96, 100
96, 100
181, 173
181, 173
181, 173
176, 170
180, 173
178, 170
179, 172
179, 172
175, 168
173, 166
179, 171
179, 171
174, 168
98, 101
175, 169
172, 168
172, 168
171, 167
170, 166
170, 167
168, 165
168, 165
179, 172
172, 167
182, 178
106, 109
173, 166
173, 166
171, 163
172, 168
169, 164
169, 165
173, 168
171, 166
171, 166
171, 166
182, 178
172, 168
174, 169
173, 168
172, 169
170, 167
171, 167
175, 170
171, 167
171, 166
172, 166
172, 168
172, 168
172, 168
179, 174
171, 167
180, 174
169, 163
172, 167
182, 178
172, 168
179, 174
179, 174
169, 166
166, 163
170, 166
170, 166
169, 165
170, 164
181, 176
171, 165
174, 168
170, 166
181, 176
170, 165
170, 164
170, 166
179, 174
179, 174
170, 166
170, 166
168, 164
168, 164
180, 174
178, 173
169, 164
169, 164
169, 164
180, 175
174, 171
174, 170
168, 164
173, 166
168, 164
171, 166
151, 146
175, 169
158, 147
166, 161
167, 162
167, 160
105, 108
94, 97
179, 173
179, 174
179, 174
177, 171
166, 161
166, 161
159, 173
92, 94
177, 171
104, 107
175, 169
165, 158
166, 159
166, 159
92, 94
165, 159
165, 159
165, 159
168, 164
173, 170
166, 160
165, 159
170, 163
170, 166
166, 161
176, 170
176, 170
165, 159
151, 148
159, 174
179, 173
176, 168
99, 100
105, 105
108, 126
106, 125
156, 149
155, 147
149, 143
149, 143
148, 147
174, 168
173, 165
150, 144
176, 170
176, 171
170, 163
167, 160
153, 166
153, 166
149, 140
149, 142
149, 142
149, 142
144, 141
147, 142
155, 144
166, 155
112, 123
112, 123
110, 127
110, 127
95, 89
95, 89
98, 91
114, 126
91, 89
91, 89
119, 130
88, 90
114, 118
171, 161
156, 146
177, 161
179, 163
154, 147
156, 147
159, 148
150, 142
170, 156
174, 164
174, 164
172, 159
172, 159
164, 151
152, 146
153, 147
96, 88
96, 88
95, 90
90, 87
86, 84
90, 87
87, 88
91, 86
134, 132
134, 132
86, 83
142, 145
85, 80
141, 149
157, 151
149, 144
142, 138
158, 154
152, 141
158, 154
154, 151
157, 152
168, 162
155, 151
158, 152
158, 152
152, 148
163, 158
155, 151
77, 85
77, 85
155, 161
159, 147
157, 152
160, 155
161, 155
158, 153
177, 172
157, 153
158, 152
157, 152
157, 152
164, 155
163, 151
164, 150
160, 153
167, 160
165, 158
149, 147
86, 80
80, 81
167, 174
167, 174
144, 148
168, 156
164, 153
168, 176
175, 177
175, 172
175, 172
177, 172
162, 158
147, 147
164, 166
157, 151
159, 161
159, 161
166, 168
166, 167
164, 166
164, 166
161, 169
164, 166
146, 134
178, 177
145, 154
149, 152
174, 177
174, 179
151, 154
156, 158
156, 159
156, 160
163, 166
163, 166
150, 160
150, 160
165, 171
165, 171
162, 173
162, 173
163, 168
163, 168
161, 172
161, 172
152, 163
154, 166
145, 155
145, 155
150, 154
150, 154
89, 86
87, 83
87, 85
78, 80
166, 160
169, 159
168, 165
168, 165
75, 73
166, 162
155, 161
155, 160
173, 169
159, 169
167, 158
167, 166
150, 161
161, 154
169, 165
161, 154
161, 157
161, 157
160, 157
160, 157
157, 152
158, 151
155, 154
158, 157
164, 157
164, 157
172, 165
167, 162
167, 162
144, 150
144, 150
165, 158
165, 158
158, 171
158, 171
142, 151
84, 80
174, 178
146, 148
157, 162
153, 165
153, 165
146, 150
153, 146
156, 149
155, 148
142, 151
160, 159
163, 159
88, 83
150, 154
146, 156
152, 157
158, 154
155, 159
157, 166
174, 179
174, 179
87, 87
82, 76
168, 164
167, 163
167, 163
167, 163
169, 165
166, 168
170, 167
142, 145
141, 143
158, 168
158, 168
179, 189
160, 154
155, 150
152, 147
162, 154
169, 164
157, 151
157, 151
187, 185
164, 157
186, 184
150, 161
153, 149
150, 145
161, 153
148, 143
136, 150
55, 83
51, 77
154, 148
143, 137
146, 139
74, 77
124, 144
123, 143
140, 134
81, 79
144, 143
97, 99
142, 141
136, 157
81, 103
81, 103
131, 149
58, 76
145, 144
148, 147
148, 147
148, 147
171, 170
60, 80
153, 159
145, 164
153, 172
63, 72
176, 172
180, 171
137, 134
125, 122
131, 120
133, 122
128, 119
131, 120
131, 120
123, 126
93, 93
300, 300
300, 300
131, 120
88, 87
88, 87
125, 119
82, 81
82, 81
125, 116
125, 116
123, 116
129, 121
129, 121
129, 121
133, 124
131, 122
126, 117
129, 132
119, 119
122, 117
121, 112
132, 127
128, 129
134, 131
141, 127
141, 127
141, 127
128, 126
128, 126
145, 143
145, 143
145, 143
145, 143
145, 143
145, 143
145, 143
145, 143
145, 143
145, 143
145, 143
145, 143
145, 143
145, 143
145, 143
145, 143
145, 143
145, 143
145, 143
145, 143
145, 143
145, 143
145, 143
145, 143
145, 143
145, 143
145, 143
145, 143
145, 143
145, 143
145, 143
145, 143
145, 143
145, 143
145, 143
145, 143
145, 143
145, 143
145, 143
145, 143
145, 143
145, 143
145, 143
145, 143
145, 143
145, 143
145, 143
145, 143
145, 143
145, 143
145, 143
145, 143
145, 143
145, 143
145, 143
145, 143
145, 143
145, 143
145, 143
145, 143
145, 143
145, 143
145, 143
145, 143
145, 143
145, 143
145, 143
145, 143
145, 143
145, 143
145, 143
145, 143
145, 143
145, 143
145, 143
145, 143
145, 143
145, 143
145, 143
145, 143
145, 143
145, 143
145, 143
145, 143
145, 143
145, 143
145, 143
145, 143
145, 143
145, 143
145, 143
145, 143
145, 143
145, 143
145, 143
145, 143
145, 143
145, 143
145, 143
145, 143
145, 143
145, 143
145, 143
145, 143
145, 143
145, 143
145, 143
145, 143
145, 143
145, 143
145, 143
145, 143
145, 143
145, 143
145, 143
145, 143
145, 143
145, 143
145, 143
145, 143
145, 143
145, 143
145, 143
145, 143
145, 143
145, 143
145, 143
145, 143
145, 143
145, 143
145, 143
145, 143
145, 143
145, 143
145, 143
145, 143
145, 143
145, 143
145, 143
145, 143
145, 143
145, 143
145, 143
145, 143
145, 143
145, 143
145, 143
145, 143
145, 143
145, 143
145, 143
145, 143
145, 143
145, 143
145, 143
145, 143
145, 143
145, 143
145, 143
145, 143
145, 143
145, 143
145, 143
145, 143
145, 143
145, 143
145, 143
145, 143
145, 143
145, 143
145, 143
145, 143
145, 143
145, 143
145, 143
145, 143
145, 143
145, 143
145, 143
145, 143
145, 143
145, 143
145, 143
145, 143
145, 143
145, 143
145, 143
145, 143
145, 143
148, 141
148, 141
142, 133
142, 133
136, 126
135, 125
135, 125
300, 300
137, 126
140, 131
136, 126
138, 126
135, 124
135, 124
135, 126
135, 125
134, 124
136, 125
133, 123
136, 126
131, 121
135, 123
128, 119
169, 173
139, 129
139, 129
141, 130
145, 133
144, 131
170, 172
170, 172
153, 139
155, 141
149, 135
154, 139
152, 138
165, 161
149, 136
142, 152
142, 152
148, 137
147, 136
147, 136
154, 153
171, 170
171, 170
172, 169
180, 176
144, 149
144, 149
144, 149
169, 170
168, 170
168, 170
148, 155
148, 155
109, 113
102, 118
80, 101
141, 154
153, 156
153, 156
99, 111
300, 300
92, 100
84, 91
133, 135
102, 105
102, 105
82, 88
79, 86
137, 141
129, 132
129, 132
143, 136
161, 149
161, 149
161, 149
154, 140
154, 140
119, 132
101, 114
91, 102
169, 152
165, 153
165, 153
143, 139
143, 139
112, 114
161, 149
74, 92
117, 118
110, 123
125, 127
150, 152
124, 126
150, 151
133, 148
167, 161
175, 173
172, 174
173, 170
170, 172
176, 172
136, 137
136, 137
130, 130
130, 130
120, 132
120, 132
120, 132
160, 159
121, 132
171, 166
171, 166
155, 144
148, 149
128, 140
117, 128
117, 128
113, 124
133, 134
135, 137
115, 127
115, 127
141, 130
141, 129
166, 164
166, 164
166, 164
140, 143
140, 143
150, 152
153, 150
157, 153
136, 124
136, 124
159, 158
162, 156
167, 170
158, 163
158, 163
158, 163
149, 151
149, 151
139, 142
137, 138
141, 136
141, 136
136, 138
127, 133
134, 128
129, 121
171, 166
171, 166
154, 151
154, 151
176, 172
176, 172
176, 172
172, 168
158, 155
158, 155
158, 155
175, 171
175, 171
172, 167
172, 167
174, 168
142, 137
142, 137
147, 141
107, 121
107, 121
145, 136
169, 166
169, 166
142, 134
142, 134
235, 214
235, 214
128, 132
128, 132
130, 134
140, 129
113, 124
113, 110
138, 127
138, 127
114, 125
142, 134
142, 134
143, 131
143, 131
132, 136
116, 126
78, 69
80, 77
132, 135
139, 132
137, 133
137, 133
137, 133
139, 136
139, 136
139, 136
139, 136
140, 137
143, 135
116, 126
138, 130
138, 130
135, 132
139, 137
138, 135
145, 133
138, 135
138, 135
139, 142
139, 142
135, 120
135, 120
161, 155
161, 155
138, 140
146, 135
94, 87
94, 87
112, 109
135, 131
138, 135
141, 133
141, 133
113, 105
105, 98
163, 157
130, 123
130, 123
145, 142
132, 120
168, 165
155, 152
300, 300
155, 151
300, 300
118, 129
141, 134
141, 134
141, 133
134, 137
132, 134
132, 134
139, 130
167, 159
167, 159
139, 131
132, 135
142, 139
140, 137
143, 135
140, 137
155, 155
153, 148
162, 158
162, 158
165, 156
125, 133
163, 158
163, 158
163, 158
159, 156
159, 156
159, 155
159, 155
159, 154
155, 156
135, 122
155, 156
139, 125
134, 137
141, 133
164, 160
164, 160
215, 204
215, 204
163, 160
166, 158
123, 134
155, 151
155, 151
155, 151
155, 152
235, 215
235, 215
164, 160
164, 160
133, 120
159, 156
231, 211
231, 211
156, 152
158, 150
158, 150
157, 154
157, 154
156, 154
156, 154
161, 159
161, 159
229, 208
157, 154
143, 128
148, 142
137, 124
137, 124
152, 156
152, 156
152, 156
233, 213
233, 213
125, 130
78, 71
150, 138
150, 138
150, 138
147, 149
121, 126
121, 126
106, 103
106, 103
136, 135
129, 133
129, 133
136, 130
136, 130
139, 133
136, 135
136, 135
125, 128
125, 128
130, 124
130, 124
140, 129
114, 124
114, 124
134, 132
131, 134
136, 134
135, 133
135, 133
135, 133
135, 133
116, 114
132, 136
83, 74
78, 73
111, 108
81, 74
140, 133
112, 122
151, 154
151, 154
132, 131
132, 131
127, 132
127, 132
156, 146
133, 138
137, 135
140, 138
136, 140
156, 159
157, 160
157, 160
152, 156
152, 156
151, 154
157, 161
157, 161
108, 113
108, 113
153, 155
153, 155
149, 151
129, 133
129, 133
129, 133
155, 158
133, 137
136, 134
130, 129
148, 151
148, 151
99, 104
99, 104
136, 134
81, 72
81, 72
155, 157
155, 157
131, 130
115, 110
111, 110
131, 130
131, 130
107, 106
82, 72
87, 78
84, 78
84, 78
84, 78
88, 75
125, 130
152, 147
152, 147
139, 133
139, 133
86, 78
133, 137
156, 150
161, 151
161, 151
158, 151
159, 153
158, 144
163, 150
163, 150
154, 152
154, 152
154, 152
122, 128
125, 125
165, 156
160, 159
162, 148
162, 148
162, 154
162, 154
163, 151
163, 151
87, 82
164, 157
163, 155
163, 155
88, 83
88, 83
160, 154
88, 86
92, 88
166, 159
166, 159
168, 161
141, 144
158, 151
86, 81
83, 78
85, 85
158, 150
163, 165
163, 165
103, 116
129, 134
132, 131
132, 131
116, 118
116, 118
123, 129
136, 131
136, 131
136, 131
136, 131
124, 129
139, 142
139, 142
128, 134
75, 71
79, 74
75, 68
75, 68
74, 66
74, 66
116, 122
151, 141
77, 69
77, 68
76, 67
73, 66
74, 67
79, 69
75, 68
145, 141
147, 144
147, 145
147, 145
143, 140
143, 140
150, 147
108, 106
108, 106
151, 146
146, 142
147, 144
147, 144
150, 144
137, 137
149, 144
149, 144
148, 143
149, 143
149, 143
152, 145
152, 145
150, 144
143, 139
143, 139
143, 139
141, 138
150, 144
146, 142
143, 140
131, 137
131, 137
139, 138
139, 138
156, 168
151, 145
151, 145
156, 148
141, 137
168, 166
152, 143
167, 168
152, 144
152, 144
300, 300
300, 300
266, 245
254, 236
101, 110
119, 116
119, 116
112, 118
112, 118
104, 114
107, 114
65, 71
101, 98
113, 112
118, 114
110, 108
110, 108
300, 300
79, 75
111, 107
140, 126
140, 126
145, 129
145, 129
122, 111
122, 111
122, 111
108, 97
108, 97
83, 94
86, 102
108, 100
102, 93
102, 93
78, 87
121, 108
95, 102
121, 108
163, 149
141, 150
140, 150
140, 150
265, 245
265, 245
161, 169
300, 300
96, 114
106, 123
120, 117
125, 122
125, 120
111, 129
144, 136
144, 136
122, 138
122, 138
130, 141
115, 131
101, 108
125, 136
125, 136
133, 146
108, 117
122, 109
131, 142
133, 139
137, 148
137, 148
137, 148
137, 148
157, 145
166, 152
163, 151
155, 142
160, 146
149, 140
114, 122
114, 122
112, 120
124, 132
136, 145
300, 300
118, 136
148, 141
122, 131
117, 130
117, 130
300, 300
300, 300
300, 300
172, 157
100, 112
111, 124
300, 300
163, 153
163, 153
159, 149
159, 149
153, 143
155, 143
155, 143
155, 143
157, 145
300, 300
300, 300
300, 300
300, 300
145, 136
151, 140
126, 118
126, 118
119, 121
100, 113
255, 234
113, 116
120, 112
258, 238
258, 238
255, 233
260, 237
111, 118
111, 118
264, 240
254, 231
266, 247
266, 247
249, 230
249, 230
248, 229
259, 239
259, 239
300, 300
300, 300
246, 225
243, 225
243, 225
243, 225
243, 225
252, 238
250, 231
250, 231
300, 300
300, 300
254, 236
300, 300
300, 300
254, 235
254, 235
258, 240
253, 234
250, 235
97, 99
97, 99
240, 222
248, 228
244, 227
248, 226
248, 226
300, 300
300, 300
249, 232
101, 97
253, 233
251, 232
253, 233
105, 100
91, 86
112, 102
112, 102
143, 142
143, 142
143, 142
138, 124
138, 124
239, 218
239, 219
239, 219
237, 218
184, 175
161, 153
147, 132
138, 130
166, 158
146, 139
146, 139
166, 159
166, 159
166, 159
165, 159
146, 140
143, 129
134, 126
145, 130
135, 138
112, 101
112, 101
108, 118
109, 101
140, 139
140, 139
149, 136
124, 134
139, 134
185, 179
185, 179
185, 179
176, 170
178, 172
178, 172
176, 170
176, 170
176, 170
172, 167
172, 167
169, 167
169, 169
124, 130
124, 130
144, 143
139, 145
121, 127
124, 126
140, 141
140, 141
112, 122
139, 144
139, 144
139, 144
120, 130
118, 128
145, 134
142, 136
146, 146
126, 136
146, 146
177, 170
171, 165
140, 126
157, 150
157, 150
152, 151
152, 151
155, 149
159, 159
159, 159
155, 155
155, 155
155, 155
167, 167
155, 152
152, 152
148, 145
148, 145
144, 132
144, 133
63, 73
122, 130
59, 75
59, 75
141, 134
141, 134
70, 67
70, 67
110, 105
109, 104
151, 139
132, 129
87, 73
97, 85
84, 68
84, 68
84, 70
83, 74
78, 68
100, 89
99, 88
104, 83
104, 83
89, 82
89, 82
83, 81
95, 78
162, 142
147, 148
153, 152
180, 166
103, 91
101, 88
112, 97
112, 97
149, 149
173, 158
149, 149
94, 85
121, 119
73, 71
130, 126
138, 141
140, 142
136, 131
151, 140
91, 77
89, 77
91, 77
90, 76
90, 76
90, 76
79, 68
91, 77
74, 64
91, 77
98, 83
84, 71
90, 76
88, 76
88, 75
88, 75
83, 70
83, 70
90, 77
98, 83
75, 69
99, 83
91, 77
87, 82
93, 77
96, 81
74, 61
156, 142
156, 142
150, 145
150, 145
76, 71
74, 67
152, 142
156, 142
156, 142
151, 140
151, 140
72, 68
71, 72
68, 76
124, 136
124, 136
135, 148
135, 148
135, 148
120, 132
78, 59
78, 58
95, 76
95, 76
105, 89
105, 89
79, 79
80, 79
97, 77
99, 78
107, 93
107, 92
108, 90
79, 82
106, 84
101, 78
83, 80
107, 90
83, 80
83, 78
109, 89
82, 82
106, 88
106, 87
103, 84
81, 78
81, 78
83, 80
106, 87
101, 79
101, 79
103, 81
83, 79
101, 83
106, 88
105, 89
80, 77
86, 86
110, 92
83, 80
83, 80
103, 79
101, 79
101, 80
106, 85
106, 85
80, 76
86, 80
109, 93
109, 93
110, 94
101, 78
140, 142
106, 85
105, 81
105, 81
105, 81
101, 77
109, 87
107, 90
107, 81
100, 75
80, 75
111, 95
112, 94
106, 81
107, 90
81, 78
80, 76
106, 89
106, 88
84, 81
83, 79
102, 78
102, 77
100, 79
102, 106
95, 92
91, 101
87, 98
81, 97
81, 97
81, 97
148, 173
90, 102
90, 102
90, 102
87, 99
88, 101
82, 97
82, 97
91, 102
89, 101
82, 95
79, 94
147, 171
147, 171
85, 97
74, 100
73, 99
77, 95
77, 95
82, 93
92, 99
86, 93
82, 94
87, 98
87, 98
92, 103
92, 103
84, 95
84, 95
90, 102
90, 102
92, 102
92, 102
88, 100
88, 100
71, 68
71, 68
71, 68
77, 80
76, 77
76, 77
73, 78
78, 79
74, 79
74, 79
75, 79
73, 77
65, 74
84, 79
81, 79
84, 79
78, 77
78, 77
79, 78
79, 78
76, 76
80, 80
78, 78
74, 76
74, 78
74, 78
74, 78
74, 77
74, 75
78, 77
78, 77
77, 77
78, 78
78, 78
77, 79
75, 78
77, 79
76, 78
76, 78
78, 77
76, 78
77, 80
75, 78
77, 79
76, 77
78, 77
66, 74
75, 78
73, 78
73, 78
74, 78
75, 78
75, 78
75, 79
73, 78
78, 79
76, 77
76, 77
75, 74
75, 74
76, 77
78, 76
79, 76
65, 73
74, 76
75, 77
75, 77
75, 77
72, 76
77, 80
77, 80
77, 78
77, 78
73, 76
73, 76
77, 79
77, 79
77, 78
77, 78
76, 77
72, 75
75, 77
76, 78
75, 78
72, 75
72, 75
72, 75
75, 78
75, 78
73, 75
76, 75
75, 74
78, 75
76, 77
76, 77
74, 77
77, 80
81, 77
75, 75
75, 75
75, 74
78, 78
72, 75
73, 72
73, 72
71, 74
73, 75
78, 75
79, 76
81, 77
64, 72
81, 79
81, 79
78, 74
78, 74
75, 75
71, 76
75, 72
77, 70
78, 70
78, 69
77, 68
150, 116
93, 86
92, 68
191, 211
109, 102
115, 106
115, 106
77, 80
77, 80
99, 105
107, 99
106, 99
64, 76
73, 79
111, 115
111, 115
74, 71
72, 78
76, 78
124, 131
124, 131
76, 82
77, 66
100, 103
100, 103
113, 117
67, 79
67, 79
80, 75
80, 75
80, 84
109, 103
117, 110
116, 122
92, 97
142, 139
140, 140
140, 140
82, 66
82, 66
82, 66
102, 110
97, 99
97, 99
105, 99
129, 124
129, 124
88, 96
88, 96
113, 108
144, 155
109, 112
104, 90
156, 171
91, 95
91, 95
97, 92
77, 79
96, 102
78, 78
177, 174
174, 175
97, 100
98, 101
106, 96
100, 109
90, 99
158, 159
158, 159
109, 113
162, 176
162, 176
161, 175
164, 180
94, 99
94, 99
83, 82
82, 80
117, 127
157, 170
157, 170
137, 149
89, 98
88, 95
97, 91
151, 149
148, 151
100, 99
137, 143
137, 143
137, 143
77, 64
121, 126
92, 99
138, 130
115, 124
121, 124
114, 122
126, 136
126, 136
100, 109
128, 140
128, 140
128, 140
94, 104
82, 93
115, 129
87, 92
119, 129
113, 129
94, 109
123, 142
123, 142
129, 142
81, 68
81, 68
124, 121
124, 121
119, 122
122, 126
122, 126
126, 126
126, 126
134, 121
126, 126
142, 141
123, 127
129, 127
126, 125
128, 127
125, 123
130, 120
123, 120
121, 117
121, 117
120, 117
120, 117
120, 117
112, 110
112, 115
119, 115
119, 116
121, 118
121, 118
121, 119
121, 119
114, 112
118, 116
119, 117
119, 117
119, 117
114, 113
121, 118
119, 120
121, 118
119, 116
119, 116
105, 107
116, 118
120, 116
122, 119
123, 120
123, 120
122, 118
126, 123
123, 124
123, 124
124, 123
126, 124
136, 142
136, 142
136, 142
142, 142
142, 142
120, 120
120, 120
120, 120
120, 120
127, 126
127, 126
125, 123
110, 113
110, 111
118, 114
118, 114
116, 115
116, 115
116, 115
116, 115
116, 115
116, 115
120, 118
118, 117
120, 111
123, 112
115, 116
112, 112
116, 165
116, 166
130, 102
137, 91
144, 89
